id,Date,Category,Subcategory,Amount,Description,Year,Month,Day,Month_Name,Day_Name,Month_Number
1,2023-01-09T00:00:00.000,Food,Coffee,10,,2023,1,9,January,Monday,1
5,2023-09-29T00:00:00.000,Personal Care,Hair/nails,370,Cerave roche posay,2023,9,29,September,Friday,9
6,2023-09-29T00:00:00.000,Housing,Cleaning Routine,235,,2023,9,29,September,Friday,9
7,2023-09-29T00:00:00.000,Personal Care,Hair/nails,850,Sauvage,2023,9,29,September,Friday,9
8,2023-09-29T00:00:00.000,Entertainment,Others,450,cadeau chay,2023,9,29,September,Friday,9
2,2023-09-29T00:00:00.000,Income,Salary,9277,,2023,9,29,September,Friday,9
3,2023-09-29T00:00:00.000,Entertainment,Sporting Events,180,,2023,9,29,September,Friday,9
4,2023-09-29T00:00:00.000,Housing,Supplies,1030,,2023,9,29,September,Friday,9
10,2023-09-30T00:00:00.000,Food,Others,30,Coffee and cigs,2023,9,30,September,Saturday,9
11,2023-09-30T00:00:00.000,Housing,Supplies,400,Mixer,2023,9,30,September,Saturday,9
12,2023-09-30T00:00:00.000,Food,Drinks,400,,2023,9,30,September,Saturday,9
13,2023-09-30T00:00:00.000,Personal Care,Clothing,81,Chaymae Sandal + dry cleaning,2023,9,30,September,Saturday,9
14,2023-09-30T00:00:00.000,Food,Groceries,151,Fruits for juice,2023,9,30,September,Saturday,9
15,2023-09-30T00:00:00.000,Housing,Supplies,80,Hammer plus accroche,2023,9,30,September,Saturday,9
16,2023-09-30T00:00:00.000,Food,Drinks,210,Medaillon,2023,9,30,September,Saturday,9
9,2023-09-30T00:00:00.000,Transportation,Fuel,100,,2023,9,30,September,Saturday,9
17,2023-10-01T00:00:00.000,Food,Dining Out,500,date,2023,10,1,October,Sunday,10
18,2023-10-01T00:00:00.000,Transportation,Fuel,200,,2023,10,1,October,Sunday,10
19,2023-10-01T00:00:00.000,Food,Dining Out,65,Aymen,2023,10,1,October,Sunday,10
20,2023-10-01T00:00:00.000,Income,Salary,19000,,2023,10,1,October,Sunday,10
21,2023-10-01T00:00:00.000,Savings,Travel,2150,First batch Resa,2023,10,1,October,Sunday,10
22,2023-10-02T00:00:00.000,Food,Dining Out,65,Aymen,2023,10,2,October,Monday,10
23,2023-10-02T00:00:00.000,Food,Dining Out,120,Chaymae,2023,10,2,October,Monday,10
24,2023-10-02T00:00:00.000,Food,Coffee,25,Coffee ,2023,10,2,October,Monday,10
25,2023-10-02T00:00:00.000,Food,Dining Out,80,Aymen,2023,10,2,October,Monday,10
26,2023-10-03T00:00:00.000,Food,Dining Out,65,Aymen,2023,10,3,October,Tuesday,10
27,2023-10-04T00:00:00.000,Food,Groceries,50,Aymen,2023,10,4,October,Wednesday,10
28,2023-10-04T00:00:00.000,Food,Dining Out,65,Chaymae,2023,10,4,October,Wednesday,10
29,2023-10-04T00:00:00.000,Food,Coffee,60,Aymen,2023,10,4,October,Wednesday,10
30,2023-10-04T00:00:00.000,Food,Smoking,50,Aymen,2023,10,4,October,Wednesday,10
31,2023-10-04T00:00:00.000,Personal Care,Hair/nails,150,Chaymae,2023,10,4,October,Wednesday,10
32,2023-10-04T00:00:00.000,Transportation,Bus/train Rides,200,Chaymae,2023,10,4,October,Wednesday,10
33,2023-10-05T00:00:00.000,Food,Smoking,34,Aymen,2023,10,5,October,Thursday,10
34,2023-10-05T00:00:00.000,Food,Dining Out,95,Chaymae,2023,10,5,October,Thursday,10
35,2023-10-05T00:00:00.000,Food,Dining Out,140,Aymen,2023,10,5,October,Thursday,10
36,2023-10-05T00:00:00.000,Food,Dining Out,65,Aymen,2023,10,5,October,Thursday,10
37,2023-10-05T00:00:00.000,Food,Dining Out,100,Aymen,2023,10,5,October,Thursday,10
38,2023-10-05T00:00:00.000,Food,Dining Out,95,Chaymae,2023,10,5,October,Thursday,10
39,2023-10-05T00:00:00.000,Bills,Mobile,240,,2023,10,5,October,Thursday,10
40,2023-10-06T00:00:00.000,Food,Dining Out,65,Aymen,2023,10,6,October,Friday,10
41,2023-10-06T00:00:00.000,Food,Dining Out,70,Other,2023,10,6,October,Friday,10
42,2023-10-06T00:00:00.000,Food,Dining Out,300,Other,2023,10,6,October,Friday,10
43,2023-10-06T00:00:00.000,Transportation,Fuel,300,Rabat,2023,10,6,October,Friday,10
44,2023-10-06T00:00:00.000,Transportation,Vehicle Payment,60,Rabat,2023,10,6,October,Friday,10
45,2023-10-06T00:00:00.000,Food,Smoking,300,Cartouche,2023,10,6,October,Friday,10
46,2023-10-06T00:00:00.000,Food,Coffee,30,,2023,10,6,October,Friday,10
47,2023-10-06T00:00:00.000,Transportation,Parking,15,,2023,10,6,October,Friday,10
48,2023-10-06T00:00:00.000,Debt Payments,Friends & Family,800,Mounim,2023,10,6,October,Friday,10
49,2023-10-06T00:00:00.000,Debt Payments,House Mortgage,4378,,2023,10,6,October,Friday,10
50,2023-10-06T00:00:00.000,Debt Payments,Car Debt,3520,,2023,10,6,October,Friday,10
51,2023-10-07T00:00:00.000,Food,Dining Out,100,Aymen,2023,10,7,October,Saturday,10
52,2023-10-08T00:00:00.000,Food,Dining Out,100,Aymen,2023,10,8,October,Sunday,10
53,2023-10-08T00:00:00.000,Food,Dining Out,205,Both,2023,10,8,October,Sunday,10
54,2023-10-08T00:00:00.000,Food,Groceries,30,Fruits,2023,10,8,October,Sunday,10
55,2023-10-08T00:00:00.000,Debt Payments,Friends & Family,200,Père,2023,10,8,October,Sunday,10
56,2023-10-08T00:00:00.000,Food,Coffee,25,,2023,10,8,October,Sunday,10
57,2023-10-08T00:00:00.000,Bills,Water & Sewer,211,Aymen,2023,10,8,October,Sunday,10
58,2023-10-08T00:00:00.000,Bills,Electricity,390,Aymen,2023,10,8,October,Sunday,10
59,2023-10-08T00:00:00.000,Debt Payments,Friends & Family,2000,Père,2023,10,8,October,Sunday,10
60,2023-10-08T00:00:00.000,Transportation,Others,50,,2023,10,8,October,Sunday,10
61,2023-10-09T00:00:00.000,Personal Care,Hair/nails,310,,2023,10,9,October,Monday,10
62,2023-10-09T00:00:00.000,Food,Coffee,30,,2023,10,9,October,Monday,10
63,2023-10-09T00:00:00.000,Entertainment,Others,330,LSD,2023,10,9,October,Monday,10
64,2023-10-09T00:00:00.000,Food,Smoking,34,Aymen,2023,10,9,October,Monday,10
65,2023-10-10T00:00:00.000,Food,Smoking,34,Aymen,2023,10,10,October,Tuesday,10
66,2023-10-10T00:00:00.000,Food,Dining Out,170,Aymen,2023,10,10,October,Tuesday,10
67,2023-10-10T00:00:00.000,Food,Coffee,25,Aymen,2023,10,10,October,Tuesday,10
68,2023-10-11T00:00:00.000,Housing,Cleaning Routine,240,,2023,10,11,October,Wednesday,10
69,2023-10-11T00:00:00.000,Food,Smoking,44,,2023,10,11,October,Wednesday,10
70,2023-10-11T00:00:00.000,Food,Groceries,50,Dinde+eggs,2023,10,11,October,Wednesday,10
71,2023-10-11T00:00:00.000,Transportation,Bus/train Rides,317,Chaymae,2023,10,11,October,Wednesday,10
72,2023-10-11T00:00:00.000,Food,Coffee,25,,2023,10,11,October,Wednesday,10
73,2023-10-11T00:00:00.000,Food,Drinks,160,,2023,10,11,October,Wednesday,10
74,2023-10-11T00:00:00.000,Entertainment,Others,940,,2023,10,11,October,Wednesday,10
75,2023-10-12T00:00:00.000,Food,Smoking,34,,2023,10,12,October,Thursday,10
76,2023-10-12T00:00:00.000,Food,Dining Out,140,,2023,10,12,October,Thursday,10
77,2023-10-12T00:00:00.000,Food,Groceries,81,,2023,10,12,October,Thursday,10
78,2023-10-13T00:00:00.000,Food,Smoking,68,,2023,10,13,October,Friday,10
79,2023-10-13T00:00:00.000,Entertainment,Others,300,,2023,10,13,October,Friday,10
80,2023-10-13T00:00:00.000,Food,Dining Out,65,,2023,10,13,October,Friday,10
81,2023-10-13T00:00:00.000,Transportation,Parking,3,,2023,10,13,October,Friday,10
82,2023-10-13T00:00:00.000,Food,Coffee,40,,2023,10,13,October,Friday,10
83,2023-10-14T00:00:00.000,Food,Dining Out,110,,2023,10,14,October,Saturday,10
84,2023-10-14T00:00:00.000,Transportation,Parking,7,,2023,10,14,October,Saturday,10
85,2023-10-14T00:00:00.000,Entertainment,Others,350,,2023,10,14,October,Saturday,10
86,2023-10-14T00:00:00.000,Entertainment,Others,1800,,2023,10,14,October,Saturday,10
87,2023-10-15T00:00:00.000,Food,Coffee,15,,2023,10,15,October,Sunday,10
88,2023-10-15T00:00:00.000,Food,Smoking,34,,2023,10,15,October,Sunday,10
89,2023-10-15T00:00:00.000,Food,Dining Out,85,,2023,10,15,October,Sunday,10
90,2023-10-16T00:00:00.000,Transportation,Bus/train Rides,417,Chaymae,2023,10,16,October,Monday,10
91,2023-10-16T00:00:00.000,Food,Groceries,80,,2023,10,16,October,Monday,10
92,2023-10-16T00:00:00.000,Food,Coffee,65,,2023,10,16,October,Monday,10
93,2023-10-16T00:00:00.000,Food,Dining Out,75,,2023,10,16,October,Monday,10
94,2023-10-17T00:00:00.000,Food,Dining Out,111,,2023,10,17,October,Tuesday,10
95,2023-10-17T00:00:00.000,Food,Smoking,44,,2023,10,17,October,Tuesday,10
96,2023-10-17T00:00:00.000,Transportation,Fuel,200,,2023,10,17,October,Tuesday,10
97,2023-10-17T00:00:00.000,Transportation,Parking,7,,2023,10,17,October,Tuesday,10
98,2023-10-18T00:00:00.000,Food,Smoking,34,,2023,10,18,October,Wednesday,10
99,2023-10-18T00:00:00.000,Food,Dining Out,72,,2023,10,18,October,Wednesday,10
100,2023-10-18T00:00:00.000,Food,Dining Out,100,Chaymae,2023,10,18,October,Wednesday,10
101,2023-10-18T00:00:00.000,Food,Groceries,190,,2023,10,18,October,Wednesday,10
102,2023-10-18T00:00:00.000,Personal Care,Hair/nails,800,Chaymae,2023,10,18,October,Wednesday,10
103,2023-10-18T00:00:00.000,Income,Others,25900,,2023,10,18,October,Wednesday,10
104,2023-10-19T00:00:00.000,Food,Dining Out,95,Aymen,2023,10,19,October,Thursday,10
105,2023-10-19T00:00:00.000,Bills,Internet,350,,2023,10,19,October,Thursday,10
106,2023-10-19T00:00:00.000,Food,Groceries,190,,2023,10,19,October,Thursday,10
107,2023-10-20T00:00:00.000,Food,Smoking,68,,2023,10,20,October,Friday,10
108,2023-10-20T00:00:00.000,Food,Dining Out,80,Aymen,2023,10,20,October,Friday,10
109,2023-10-20T00:00:00.000,Food,Dining Out,120,Chaymae,2023,10,20,October,Friday,10
110,2023-10-20T00:00:00.000,Food,Dining Out,60,Aymen,2023,10,20,October,Friday,10
111,2023-10-20T00:00:00.000,Food,Coffee,20,,2023,10,20,October,Friday,10
112,2023-10-20T00:00:00.000,Transportation,Parking,7,,2023,10,20,October,Friday,10
113,2023-10-20T00:00:00.000,Food,Groceries,112,,2023,10,20,October,Friday,10
114,2023-10-21T00:00:00.000,Food,Dining Out,90,Aymen,2023,10,21,October,Saturday,10
115,2023-10-21T00:00:00.000,Food,Drinks,156,,2023,10,21,October,Saturday,10
116,2023-10-21T00:00:00.000,Personal Care,Clothing,205,Aymen,2023,10,21,October,Saturday,10
117,2023-10-21T00:00:00.000,Personal Care,Dry Cleaning,50,Aymen,2023,10,21,October,Saturday,10
118,2023-10-21T00:00:00.000,Food,Groceries,326,,2023,10,21,October,Saturday,10
119,2023-10-22T00:00:00.000,Food,Dining Out,110,Chaymae,2023,10,22,October,Sunday,10
120,2023-10-22T00:00:00.000,Food,Dining Out,85,Aymen,2023,10,22,October,Sunday,10
121,2023-10-22T00:00:00.000,Food,Coffee,35,Aymen,2023,10,22,October,Sunday,10
122,2023-10-23T00:00:00.000,Food,Groceries,140,,2023,10,23,October,Monday,10
123,2023-10-23T00:00:00.000,Food,Smoking,44,,2023,10,23,October,Monday,10
124,2023-10-23T00:00:00.000,Food,Coffee,15,,2023,10,23,October,Monday,10
125,2023-10-23T00:00:00.000,Food,Groceries,133,,2023,10,23,October,Monday,10
126,2023-10-24T00:00:00.000,Food,Dining Out,200,Aymen,2023,10,24,October,Tuesday,10
127,2023-10-24T00:00:00.000,Food,Dining Out,100,Chaymae,2023,10,24,October,Tuesday,10
128,2023-10-24T00:00:00.000,Food,Smoking,50,,2023,10,24,October,Tuesday,10
129,2023-10-24T00:00:00.000,Food,Groceries,50,,2023,10,24,October,Tuesday,10
130,2023-10-25T00:00:00.000,Food,Dining Out,80,Aymen,2023,10,25,October,Wednesday,10
131,2023-10-25T00:00:00.000,Transportation,Parking,7,,2023,10,25,October,Wednesday,10
132,2023-10-25T00:00:00.000,Food,Smoking,50,,2023,10,25,October,Wednesday,10
133,2023-10-25T00:00:00.000,Food,Coffee,17,,2023,10,25,October,Wednesday,10
134,2023-10-25T00:00:00.000,Food,Drinks,160,,2023,10,25,October,Wednesday,10
135,2023-10-26T00:00:00.000,Food,Smoking,78,,2023,10,26,October,Thursday,10
136,2023-10-26T00:00:00.000,Food,Dining Out,60,Aymen,2023,10,26,October,Thursday,10
137,2023-10-26T00:00:00.000,Food,Coffee,40,,2023,10,26,October,Thursday,10
138,2023-10-26T00:00:00.000,Transportation,Parking,15,,2023,10,26,October,Thursday,10
139,2023-10-26T00:00:00.000,Transportation,Bus/train Rides,35,Aymen,2023,10,26,October,Thursday,10
140,2023-10-26T00:00:00.000,Food,Smoking,533,Hash,2023,10,26,October,Thursday,10
141,2023-10-26T00:00:00.000,Food,Dining Out,110,Chaymae,2023,10,26,October,Thursday,10
142,2023-10-27T00:00:00.000,Housing,Cleaning Routine,250,,2023,10,27,October,Friday,10
143,2023-10-27T00:00:00.000,Food,Drinks,300,,2023,10,27,October,Friday,10
144,2023-10-27T00:00:00.000,Food,Coffee,10,,2023,10,27,October,Friday,10
145,2023-10-28T00:00:00.000,Food,Coffee,40,,2023,10,28,October,Saturday,10
146,2023-10-28T00:00:00.000,Transportation,Fuel,200,,2023,10,28,October,Saturday,10
147,2023-10-28T00:00:00.000,Transportation,Others,40,,2023,10,28,October,Saturday,10
148,2023-10-28T00:00:00.000,Food,Smoking,44,,2023,10,28,October,Saturday,10
149,2023-10-28T00:00:00.000,Food,Coffee,60,,2023,10,28,October,Saturday,10
150,2023-10-29T00:00:00.000,Entertainment,Others,600,,2023,10,29,October,Sunday,10
151,2023-10-29T00:00:00.000,Food,Dining Out,88,,2023,10,29,October,Sunday,10
152,2023-10-29T00:00:00.000,Food,Drinks,200,,2023,10,29,October,Sunday,10
153,2023-10-29T00:00:00.000,Food,Smoking,100,,2023,10,29,October,Sunday,10
154,2023-10-30T00:00:00.000,Food,Smoking,130,,2023,10,30,October,Monday,10
155,2023-10-30T00:00:00.000,Food,Dining Out,100,,2023,10,30,October,Monday,10
156,2023-10-31T00:00:00.000,Food,Dining Out,60,,2023,10,31,October,Tuesday,10
157,2023-10-31T00:00:00.000,Food,Coffee,20,,2023,10,31,October,Tuesday,10
158,2023-10-31T00:00:00.000,Food,Groceries,131,,2023,10,31,October,Tuesday,10
159,2023-11-01T00:00:00.000,Bills,Mobile,160,,2023,11,1,November,Wednesday,11
160,2023-11-01T00:00:00.000,Food,Dining Out,65,,2023,11,1,November,Wednesday,11
161,2023-11-01T00:00:00.000,Food,Coffee,40,,2023,11,1,November,Wednesday,11
162,2023-11-01T00:00:00.000,Transportation,Parking,20,,2023,11,1,November,Wednesday,11
163,2023-11-01T00:00:00.000,Transportation,Bus/train Rides,25,,2023,11,1,November,Wednesday,11
164,2023-11-01T00:00:00.000,Personal Care,Hair/nails,420,,2023,11,1,November,Wednesday,11
165,2023-11-01T00:00:00.000,Savings,Travel,500,Sacs,2023,11,1,November,Wednesday,11
166,2023-11-01T00:00:00.000,Savings,Travel,4650,Second Batch Resa,2023,11,1,November,Wednesday,11
167,2023-11-01T00:00:00.000,Savings,Travel,1100,Airbnb Warsaw,2023,11,1,November,Wednesday,11
168,2023-11-02T00:00:00.000,Transportation,Maintenance,100,,2023,11,2,November,Thursday,11
169,2023-11-02T00:00:00.000,Food,Coffee,20,,2023,11,2,November,Thursday,11
170,2023-11-02T00:00:00.000,Food,Smoking,240,,2023,11,2,November,Thursday,11
171,2023-11-02T00:00:00.000,Food,Dining Out,200,,2023,11,2,November,Thursday,11
172,2023-11-04T00:00:00.000,Debt Payments,House Mortgage,4300,,2023,11,4,November,Saturday,11
173,2023-11-06T00:00:00.000,Debt Payments,Car Debt,3600,,2023,11,6,November,Monday,11
174,2023-12-01T00:00:00.000,Bills,Water & Sewer,190,,2023,12,1,December,Friday,12
175,2023-12-01T00:00:00.000,Income,Salary,19000,,2023,12,1,December,Friday,12
176,2023-12-01T00:00:00.000,Debt Payments,Friends & Family,2000,Basso,2023,12,1,December,Friday,12
177,2023-12-01T00:00:00.000,Debt Payments,Friends & Family,2500,Mother,2023,12,1,December,Friday,12
178,2023-12-01T00:00:00.000,Food,Groceries,115,,2023,12,1,December,Friday,12
179,2023-12-01T00:00:00.000,Food,Smoking,34,,2023,12,1,December,Friday,12
180,2023-12-01T00:00:00.000,Food,Coffee,22,Capsules,2023,12,1,December,Friday,12
181,2023-12-01T00:00:00.000,Housing,Supplies,80,Cleaning and Washing utilities,2023,12,1,December,Friday,12
182,2023-12-01T00:00:00.000,Housing,Supplies,94,Toilet,2023,12,1,December,Friday,12
183,2023-12-01T00:00:00.000,Food,Groceries,14,,2023,12,1,December,Friday,12
184,2023-12-01T00:00:00.000,Food,Dining Out,70,Dalton,2023,12,1,December,Friday,12
185,2023-12-02T00:00:00.000,Food,Dining Out,50,Grillade,2023,12,2,December,Saturday,12
186,2023-12-02T00:00:00.000,Food,Smoking,34,,2023,12,2,December,Saturday,12
187,2023-12-03T00:00:00.000,Food,Dining Out,70,Pizza,2023,12,3,December,Sunday,12
188,2023-12-03T00:00:00.000,Food,Smoking,35,,2023,12,3,December,Sunday,12
189,2023-12-03T00:00:00.000,Food,Dining Out,10,Msamen,2023,12,3,December,Sunday,12
190,2023-12-04T00:00:00.000,Food,Dining Out,70,Baskin Robins,2023,12,4,December,Monday,12
191,2023-12-04T00:00:00.000,Food,Groceries,80,,2023,12,4,December,Monday,12
192,2023-12-04T00:00:00.000,Food,Groceries,35,Dinde,2023,12,4,December,Monday,12
193,2023-12-04T00:00:00.000,Food,Smoking,34,Tabac,2023,12,4,December,Monday,12
194,2023-12-04T00:00:00.000,Food,Smoking,10,Hash,2023,12,4,December,Monday,12
195,2023-12-04T00:00:00.000,Personal Care,Medical,55,,2023,12,4,December,Monday,12
196,2023-12-04T00:00:00.000,Bills,Electricity,180,,2023,12,4,December,Monday,12
197,2023-12-04T00:00:00.000,Bills,Mobile,160,,2023,12,4,December,Monday,12
198,2023-12-04T00:00:00.000,Debt Payments,House Mortgage,4350,,2023,12,4,December,Monday,12
199,2023-12-05T00:00:00.000,Food,Dining Out,85,,2023,12,5,December,Tuesday,12
200,2023-12-05T00:00:00.000,Food,Smoking,50,,2023,12,5,December,Tuesday,12
201,2023-12-05T00:00:00.000,Food,Groceries,85,,2023,12,5,December,Tuesday,12
202,2023-12-06T00:00:00.000,Transportation,Fuel,200,,2023,12,6,December,Wednesday,12
203,2023-12-06T00:00:00.000,Transportation,Others,42,,2023,12,6,December,Wednesday,12
204,2023-12-06T00:00:00.000,Food,Dining Out,250,,2023,12,6,December,Wednesday,12
205,2023-12-06T00:00:00.000,Food,Coffee,10,,2023,12,6,December,Wednesday,12
206,2023-12-06T00:00:00.000,Food,Groceries,9,,2023,12,6,December,Wednesday,12
207,2023-12-06T00:00:00.000,Food,Smoking,34,,2023,12,6,December,Wednesday,12
208,2023-12-06T00:00:00.000,Debt Payments,Car Debt,3522,,2023,12,6,December,Wednesday,12
209,2023-12-06T00:00:00.000,Food,Dining Out,70,,2023,12,6,December,Wednesday,12
210,2023-12-06T00:00:00.000,Food,Dining Out,80,,2023,12,6,December,Wednesday,12
211,2023-12-07T00:00:00.000,Food,Dining Out,79,,2023,12,7,December,Thursday,12
212,2023-12-07T00:00:00.000,Food,Groceries,115,,2023,12,7,December,Thursday,12
213,2023-12-07T00:00:00.000,Food,Smoking,45,,2023,12,7,December,Thursday,12
214,2023-12-07T00:00:00.000,Food,Groceries,60,,2023,12,7,December,Thursday,12
215,2023-12-08T00:00:00.000,Food,Dining Out,79,,2023,12,8,December,Friday,12
216,2023-12-08T00:00:00.000,Food,Dining Out,70,,2023,12,8,December,Friday,12
217,2023-12-08T00:00:00.000,Food,Groceries,142,,2023,12,8,December,Friday,12
218,2023-12-08T00:00:00.000,Entertainment,Others,325,,2023,12,8,December,Friday,12
219,2023-12-08T00:00:00.000,Food,Smoking,44,,2023,12,8,December,Friday,12
220,2023-12-09T00:00:00.000,Food,Dining Out,7,,2023,12,9,December,Saturday,12
221,2023-12-09T00:00:00.000,Food,Smoking,34,,2023,12,9,December,Saturday,12
222,2023-12-10T00:00:00.000,Food,Smoking,34,,2023,12,10,December,Sunday,12
223,2023-12-10T00:00:00.000,Food,Coffee,8,,2023,12,10,December,Sunday,12
224,2023-12-10T00:00:00.000,Food,Drinks,80,,2023,12,10,December,Sunday,12
225,2023-12-10T00:00:00.000,Food,Groceries,170,,2023,12,10,December,Sunday,12
226,2023-12-10T00:00:00.000,Debt Payments,Friends & Family,200,,2023,12,10,December,Sunday,12
227,2023-12-10T00:00:00.000,Transportation,Vehicle Payment,22,,2023,12,10,December,Sunday,12
228,2023-12-11T00:00:00.000,Food,Dining Out,75,,2023,12,11,December,Monday,12
229,2023-12-11T00:00:00.000,Food,Dining Out,9,,2023,12,11,December,Monday,12
230,2023-12-11T00:00:00.000,Food,Groceries,5,,2023,12,11,December,Monday,12
231,2023-12-11T00:00:00.000,Food,Smoking,44,,2023,12,11,December,Monday,12
232,2023-12-12T00:00:00.000,Food,Dining Out,10,,2023,12,12,December,Tuesday,12
233,2023-12-12T00:00:00.000,Food,Groceries,65,,2023,12,12,December,Tuesday,12
234,2023-12-12T00:00:00.000,Personal Care,Dry Cleaning,24,,2023,12,12,December,Tuesday,12
235,2023-12-12T00:00:00.000,Food,Smoking,34,,2023,12,12,December,Tuesday,12
236,2023-12-12T00:00:00.000,Food,Groceries,6,,2023,12,12,December,Tuesday,12
237,2023-12-13T00:00:00.000,Transportation,Parking,7,,2023,12,13,December,Wednesday,12
238,2023-12-13T00:00:00.000,Food,Drinks,140,,2023,12,13,December,Wednesday,12
239,2023-12-13T00:00:00.000,Food,Smoking,34,,2023,12,13,December,Wednesday,12
240,2023-12-14T00:00:00.000,Food,Dining Out,140,,2023,12,14,December,Thursday,12
241,2023-12-15T00:00:00.000,Transportation,Parking,25,,2023,12,15,December,Friday,12
242,2023-12-15T00:00:00.000,Food,Smoking,44,,2023,12,15,December,Friday,12
243,2023-12-15T00:00:00.000,Food,Dining Out,10,,2023,12,15,December,Friday,12
244,2023-12-15T00:00:00.000,Transportation,Bus/train Rides,22,,2023,12,15,December,Friday,12
245,2023-12-15T00:00:00.000,Food,Coffee,10,,2023,12,15,December,Friday,12
246,2023-12-15T00:00:00.000,Entertainment,Others,600,Hash,2023,12,15,December,Friday,12
247,2023-12-15T00:00:00.000,Transportation,Fuel,100,,2023,12,15,December,Friday,12
248,2023-12-16T00:00:00.000,Food,Dining Out,12,,2023,12,16,December,Saturday,12
249,2023-12-16T00:00:00.000,Food,Groceries,19,,2023,12,16,December,Saturday,12
250,2023-12-16T00:00:00.000,Food,Smoking,34,,2023,12,16,December,Saturday,12
251,2023-12-17T00:00:00.000,Food,Smoking,34,,2023,12,17,December,Sunday,12
252,2023-12-17T00:00:00.000,Food,Groceries,77,,2023,12,17,December,Sunday,12
253,2023-12-17T00:00:00.000,Food,Coffee,10,,2023,12,17,December,Sunday,12
254,2023-12-18T00:00:00.000,Food,Groceries,80,,2023,12,18,December,Monday,12
255,2023-12-18T00:00:00.000,Food,Smoking,34,,2023,12,18,December,Monday,12
256,2023-12-19T00:00:00.000,Food,Coffee,25,,2023,12,19,December,Tuesday,12
257,2023-12-19T00:00:00.000,Food,Smoking,44,,2023,12,19,December,Tuesday,12
258,2023-12-20T00:00:00.000,Transportation,Fuel,150,,2023,12,20,December,Wednesday,12
259,2023-12-20T00:00:00.000,Food,Coffee,15,,2023,12,20,December,Wednesday,12
260,2023-12-20T00:00:00.000,Food,Smoking,34,,2023,12,20,December,Wednesday,12
261,2023-12-20T00:00:00.000,Food,Groceries,45,,2023,12,20,December,Wednesday,12
262,2023-12-21T00:00:00.000,Transportation,Parking,15,,2023,12,21,December,Thursday,12
263,2023-12-21T00:00:00.000,Transportation,Bus/train Rides,32,,2023,12,21,December,Thursday,12
264,2023-12-21T00:00:00.000,Food,Smoking,34,,2023,12,21,December,Thursday,12
265,2023-12-22T00:00:00.000,Transportation,Fuel,100,,2023,12,22,December,Friday,12
266,2023-12-22T00:00:00.000,Food,Smoking,44,,2023,12,22,December,Friday,12
267,2023-12-22T00:00:00.000,Transportation,Others,20,,2023,12,22,December,Friday,12
268,2023-12-22T00:00:00.000,Food,Groceries,80,,2023,12,22,December,Friday,12
269,2023-12-22T00:00:00.000,Food,Coffee,10,,2023,12,22,December,Friday,12
270,2023-12-23T00:00:00.000,Food,Groceries,25,,2023,12,23,December,Saturday,12
271,2023-12-23T00:00:00.000,Food,Smoking,34,,2023,12,23,December,Saturday,12
272,2023-12-24T00:00:00.000,Food,Coffee,6,,2023,12,24,December,Sunday,12
273,2023-12-24T00:00:00.000,Food,Smoking,27,,2023,12,24,December,Sunday,12
274,2023-12-24T00:00:00.000,Food,Groceries,25,,2023,12,24,December,Sunday,12
275,2023-12-25T00:00:00.000,Food,Smoking,44,,2023,12,25,December,Monday,12
276,2023-12-25T00:00:00.000,Food,Groceries,35,,2023,12,25,December,Monday,12
277,2023-12-26T00:00:00.000,Food,Dining Out,112,,2023,12,26,December,Tuesday,12
278,2023-12-27T00:00:00.000,Food,Coffee,8,,2023,12,27,December,Wednesday,12
279,2023-12-27T00:00:00.000,Food,Smoking,34,,2023,12,27,December,Wednesday,12
280,2023-12-27T00:00:00.000,Transportation,Parking,7,,2023,12,27,December,Wednesday,12
281,2023-12-27T00:00:00.000,Food,Dining Out,70,,2023,12,27,December,Wednesday,12
282,2023-12-27T00:00:00.000,Food,Groceries,6,,2023,12,27,December,Wednesday,12
283,2023-12-28T00:00:00.000,Food,Groceries,22,,2023,12,28,December,Thursday,12
284,2023-12-28T00:00:00.000,Food,Smoking,44,,2023,12,28,December,Thursday,12
285,2023-12-28T00:00:00.000,Entertainment,Spotify Or/and Similar,60,,2023,12,28,December,Thursday,12
286,2023-12-29T00:00:00.000,Food,Dining Out,45,,2023,12,29,December,Friday,12
287,2023-12-29T00:00:00.000,Food,Coffee,15,,2023,12,29,December,Friday,12
288,2023-12-29T00:00:00.000,Food,Smoking,44,,2023,12,29,December,Friday,12
289,2023-12-29T00:00:00.000,Food,Groceries,70,,2023,12,29,December,Friday,12
290,2023-12-29T00:00:00.000,Transportation,Parking,7,,2023,12,29,December,Friday,12
291,2023-12-29T00:00:00.000,Transportation,Fuel,200,,2023,12,29,December,Friday,12
292,2023-12-30T00:00:00.000,Transportation,Others,150,,2023,12,30,December,Saturday,12
293,2023-12-30T00:00:00.000,Food,Dining Out,15,,2023,12,30,December,Saturday,12
294,2023-12-30T00:00:00.000,Food,Dining Out,120,,2023,12,30,December,Saturday,12
295,2023-12-30T00:00:00.000,Transportation,Fuel,100,,2023,12,30,December,Saturday,12
296,2023-12-31T00:00:00.000,Transportation,Others,130,,2023,12,31,December,Sunday,12
297,2023-12-31T00:00:00.000,Food,Smoking,44,,2023,12,31,December,Sunday,12
298,2023-12-31T00:00:00.000,Food,Groceries,9,,2023,12,31,December,Sunday,12
299,2023-12-31T00:00:00.000,Food,Dining Out,55,,2023,12,31,December,Sunday,12
300,2024-01-01T00:00:00.000,Income,Salary,18500,,2024,1,1,January,Monday,1
301,2024-01-01T00:00:00.000,Debt Payments,Friends & Family,1000,,2024,1,1,January,Monday,1
302,2024-01-01T00:00:00.000,Debt Payments,Others,1125,,2024,1,1,January,Monday,1
303,2024-01-01T00:00:00.000,Debt Payments,Others,550,,2024,1,1,January,Monday,1
304,2024-01-01T00:00:00.000,Food,Smoking,34,,2024,1,1,January,Monday,1
305,2024-01-01T00:00:00.000,Entertainment,Cinema,600,,2024,1,1,January,Monday,1
306,2024-01-01T00:00:00.000,Food,Groceries,50,,2024,1,1,January,Monday,1
307,2024-01-01T00:00:00.000,Personal Care,Hair/nails,75,,2024,1,1,January,Monday,1
308,2024-01-01T00:00:00.000,Housing,Cleaning Routine,230,,2024,1,1,January,Monday,1
309,2024-01-01T00:00:00.000,Bills,Mobile,159,,2024,1,1,January,Monday,1
310,2024-01-01T00:00:00.000,Bills,Water & Sewer,145,,2024,1,1,January,Monday,1
311,2024-01-01T00:00:00.000,Bills,Electricity,210,,2024,1,1,January,Monday,1
312,2024-01-02T00:00:00.000,Food,Smoking,44,,2024,1,2,January,Tuesday,1
313,2024-01-02T00:00:00.000,Food,Dining Out,90,,2024,1,2,January,Tuesday,1
314,2024-01-03T00:00:00.000,Food,Groceries,90,,2024,1,3,January,Wednesday,1
315,2024-01-03T00:00:00.000,Food,Smoking,50,,2024,1,3,January,Wednesday,1
316,2024-01-04T00:00:00.000,Transportation,Parking,27,,2024,1,4,January,Thursday,1
317,2024-01-04T00:00:00.000,Food,Smoking,54,,2024,1,4,January,Thursday,1
318,2024-01-04T00:00:00.000,Transportation,Vehicle Payment,700,,2024,1,4,January,Thursday,1
319,2024-01-04T00:00:00.000,Food,Groceries,42,Real,2024,1,4,January,Thursday,1
320,2024-01-04T00:00:00.000,Food,Groceries,82,Snacks,2024,1,4,January,Thursday,1
321,2024-01-04T00:00:00.000,Food,Coffee,12,,2024,1,4,January,Thursday,1
322,2024-01-04T00:00:00.000,Debt Payments,House Mortgage,5050,,2024,1,4,January,Thursday,1
323,2024-01-04T00:00:00.000,Debt Payments,Car Debt,3522,,2024,1,4,January,Thursday,1
324,2024-01-05T00:00:00.000,Transportation,Parking,19,,2024,1,5,January,Friday,1
325,2024-01-05T00:00:00.000,Transportation,Bus/train Rides,30,,2024,1,5,January,Friday,1
326,2024-01-05T00:00:00.000,Food,Coffee,20,,2024,1,5,January,Friday,1
327,2024-01-05T00:00:00.000,Food,Smoking,10,,2024,1,5,January,Friday,1
328,2024-01-05T00:00:00.000,Food,Smoking,44,,2024,1,5,January,Friday,1
329,2024-01-06T00:00:00.000,Food,Smoking,44,,2024,1,6,January,Saturday,1
330,2024-01-06T00:00:00.000,Transportation,Fuel,200,,2024,1,6,January,Saturday,1
331,2024-01-06T00:00:00.000,Food,Groceries,80,,2024,1,6,January,Saturday,1
332,2024-01-06T00:00:00.000,Food,Groceries,45,,2024,1,6,January,Saturday,1
333,2024-01-06T00:00:00.000,Bills,Others,60,Frais bancaires,2024,1,6,January,Saturday,1
334,2024-01-06T00:00:00.000,Bills,Others,60,Frais de tenue compte SG,2024,1,6,January,Saturday,1
335,2024-01-07T00:00:00.000,Food,Smoking,44,,2024,1,7,January,Sunday,1
336,2024-01-07T00:00:00.000,Food,Groceries,15,,2024,1,7,January,Sunday,1
337,2024-01-08T00:00:00.000,Food,Groceries,80,,2024,1,8,January,Monday,1
338,2024-01-08T00:00:00.000,Food,Drinks,230,,2024,1,8,January,Monday,1
339,2024-01-09T00:00:00.000,Food,Groceries,10,,2024,1,9,January,Tuesday,1
340,2024-01-10T00:00:00.000,Transportation,Bus/train Rides,30,,2024,1,10,January,Wednesday,1
341,2024-01-10T00:00:00.000,Transportation,Parking,20,,2024,1,10,January,Wednesday,1
342,2024-01-12T00:00:00.000,Food,Smoking,140,,2024,1,12,January,Friday,1
343,2024-01-12T00:00:00.000,Food,Drinks,230,,2024,1,12,January,Friday,1
344,2024-01-12T00:00:00.000,Food,Dining Out,85,,2024,1,12,January,Friday,1
345,2024-01-12T00:00:00.000,Food,Drinks,240,,2024,1,12,January,Friday,1
346,2024-01-12T00:00:00.000,Entertainment,Others,800,,2024,1,12,January,Friday,1
347,2024-01-13T00:00:00.000,Food,Dining Out,85,,2024,1,13,January,Saturday,1
348,2024-01-13T00:00:00.000,Food,Smoking,34,,2024,1,13,January,Saturday,1
349,2024-01-13T00:00:00.000,Food,Groceries,75,,2024,1,13,January,Saturday,1
350,2024-01-13T00:00:00.000,Transportation,Fuel,100,,2024,1,13,January,Saturday,1
351,2024-01-13T00:00:00.000,Entertainment,Concerts & Live,150,,2024,1,13,January,Saturday,1
352,2024-01-14T00:00:00.000,Food,Groceries,80,,2024,1,14,January,Sunday,1
353,2024-01-15T00:00:00.000,Food,Smoking,34,,2024,1,15,January,Monday,1
354,2024-01-15T00:00:00.000,Food,Groceries,30,,2024,1,15,January,Monday,1
355,2024-01-16T00:00:00.000,Food,Coffee,25,,2024,1,16,January,Tuesday,1
356,2024-01-16T00:00:00.000,Food,Coffee,10,,2024,1,16,January,Tuesday,1
357,2024-01-16T00:00:00.000,Food,Smoking,78,,2024,1,16,January,Tuesday,1
358,2024-01-17T00:00:00.000,Food,Smoking,34,,2024,1,17,January,Wednesday,1
359,2024-01-17T00:00:00.000,Food,Groceries,17,,2024,1,17,January,Wednesday,1
360,2024-01-18T00:00:00.000,Bills,Internet,350,,2024,1,18,January,Thursday,1
361,2024-01-18T00:00:00.000,Food,Smoking,34,,2024,1,18,January,Thursday,1
362,2024-01-18T00:00:00.000,Transportation,Parking,5,,2024,1,18,January,Thursday,1
363,2024-01-19T00:00:00.000,Food,Smoking,34,,2024,1,19,January,Friday,1
364,2024-01-19T00:00:00.000,Housing,Supplies,50,,2024,1,19,January,Friday,1
365,2024-01-19T00:00:00.000,Food,Groceries,15,,2024,1,19,January,Friday,1
366,2024-01-19T00:00:00.000,Food,Groceries,20,,2024,1,19,January,Friday,1
367,2024-01-21T00:00:00.000,Food,Smoking,44,,2024,1,21,January,Sunday,1
368,2024-01-21T00:00:00.000,Transportation,Fuel,100,,2024,1,21,January,Sunday,1
369,2024-01-21T00:00:00.000,Food,Smoking,34,,2024,1,21,January,Sunday,1
370,2024-01-23T00:00:00.000,Food,Coffee,10,,2024,1,23,January,Tuesday,1
371,2024-01-23T00:00:00.000,Transportation,Parking,5,,2024,1,23,January,Tuesday,1
372,2024-01-23T00:00:00.000,Food,Groceries,95,,2024,1,23,January,Tuesday,1
373,2024-01-23T00:00:00.000,Food,Smoking,34,,2024,1,23,January,Tuesday,1
374,2024-01-23T00:00:00.000,Food,Groceries,20,,2024,1,23,January,Tuesday,1
375,2024-01-24T00:00:00.000,Food,Smoking,44,,2024,1,24,January,Wednesday,1
376,2024-01-24T00:00:00.000,Food,Groceries,10,,2024,1,24,January,Wednesday,1
377,2024-01-25T00:00:00.000,Food,Groceries,10,,2024,1,25,January,Thursday,1
378,2024-01-25T00:00:00.000,Food,Dining Out,17,,2024,1,25,January,Thursday,1
379,2024-01-25T00:00:00.000,Food,Groceries,15,,2024,1,25,January,Thursday,1
380,2024-01-25T00:00:00.000,Food,Smoking,34,,2024,1,25,January,Thursday,1
381,2024-01-26T00:00:00.000,Personal Care,Medical,50,,2024,1,26,January,Friday,1
382,2024-01-26T00:00:00.000,Food,Groceries,25,,2024,1,26,January,Friday,1
383,2024-01-27T00:00:00.000,Food,Smoking,34,,2024,1,27,January,Saturday,1
384,2024-01-28T00:00:00.000,Food,Groceries,45,,2024,1,28,January,Sunday,1
385,2024-01-28T00:00:00.000,Bills,Others,70,,2024,1,28,January,Sunday,1
386,2024-01-29T00:00:00.000,Food,Smoking,44,,2024,1,29,January,Monday,1
387,2024-01-29T00:00:00.000,Food,Dining Out,30,,2024,1,29,January,Monday,1
388,2024-01-30T00:00:00.000,Food,Drinks,150,,2024,1,30,January,Tuesday,1
389,2024-01-30T00:00:00.000,Food,Smoking,34,,2024,1,30,January,Tuesday,1
390,2024-01-30T00:00:00.000,Food,Dining Out,150,,2024,1,30,January,Tuesday,1
391,2024-01-31T00:00:00.000,Food,Dining Out,60,,2024,1,31,January,Wednesday,1
392,2024-01-31T00:00:00.000,Food,Coffee,6,,2024,1,31,January,Wednesday,1
393,2024-01-31T00:00:00.000,Transportation,Parking,7,,2024,1,31,January,Wednesday,1
394,2024-02-01T00:00:00.000,Entertainment,Others,600,,2024,2,1,February,Thursday,2
395,2024-02-01T00:00:00.000,Food,Dining Out,150,,2024,2,1,February,Thursday,2
396,2024-02-01T00:00:00.000,Food,Groceries,100,,2024,2,1,February,Thursday,2
397,2024-02-01T00:00:00.000,Income,Salary,19000,,2024,2,1,February,Thursday,2
398,2024-02-01T00:00:00.000,Bills,Others,182,,2024,2,1,February,Thursday,2
399,2024-02-01T00:00:00.000,Debt Payments,Friends & Family,500,,2024,2,1,February,Thursday,2
400,2024-02-01T00:00:00.000,Debt Payments,Others,500,,2024,2,1,February,Thursday,2
401,2024-02-01T00:00:00.000,Transportation,Fuel,500,,2024,2,1,February,Thursday,2
402,2024-02-01T00:00:00.000,Food,Smoking,44,,2024,2,1,February,Thursday,2
403,2024-02-01T00:00:00.000,Food,Groceries,100,,2024,2,1,February,Thursday,2
404,2024-02-02T00:00:00.000,Transportation,Parking,7,,2024,2,2,February,Friday,2
405,2024-02-02T00:00:00.000,Food,Smoking,12,,2024,2,2,February,Friday,2
406,2024-02-02T00:00:00.000,Food,Groceries,10,,2024,2,2,February,Friday,2
407,2024-02-02T00:00:00.000,Food,Groceries,6,,2024,2,2,February,Friday,2
408,2024-02-02T00:00:00.000,Food,Smoking,34,,2024,2,2,February,Friday,2
409,2024-02-02T00:00:00.000,Food,Groceries,47,,2024,2,2,February,Friday,2
410,2024-02-02T00:00:00.000,Food,Dining Out,70,,2024,2,2,February,Friday,2
411,2024-02-02T00:00:00.000,Bills,Others,100,BANK FEES,2024,2,2,February,Friday,2
412,2024-02-03T00:00:00.000,Housing,Supplies,130,,2024,2,3,February,Saturday,2
413,2024-02-03T00:00:00.000,Housing,Cleaning Routine,200,,2024,2,3,February,Saturday,2
414,2024-02-03T00:00:00.000,Food,Dining Out,70,,2024,2,3,February,Saturday,2
415,2024-02-03T00:00:00.000,Food,Smoking,44,,2024,2,3,February,Saturday,2
416,2024-02-03T00:00:00.000,Food,Drinks,180,,2024,2,3,February,Saturday,2
417,2024-02-04T00:00:00.000,Entertainment,Specials,100,,2024,2,4,February,Sunday,2
418,2024-02-04T00:00:00.000,Food,Dining Out,100,,2024,2,4,February,Sunday,2
419,2024-02-04T00:00:00.000,Transportation,Others,11,,2024,2,4,February,Sunday,2
420,2024-02-04T00:00:00.000,Food,Coffee,12,,2024,2,4,February,Sunday,2
421,2024-02-04T00:00:00.000,Food,Smoking,34,,2024,2,4,February,Sunday,2
422,2024-02-04T00:00:00.000,Food,Smoking,44,,2024,2,4,February,Sunday,2
423,2024-02-04T00:00:00.000,Food,Groceries,27,,2024,2,4,February,Sunday,2
424,2024-02-04T00:00:00.000,Transportation,Maintenance,35,,2024,2,4,February,Sunday,2
425,2024-02-04T00:00:00.000,Bills,Others,20,,2024,2,4,February,Sunday,2
426,2024-02-05T00:00:00.000,Debt Payments,House Mortgage,5060,,2024,2,5,February,Monday,2
427,2024-02-05T00:00:00.000,Food,Dining Out,100,,2024,2,5,February,Monday,2
428,2024-02-05T00:00:00.000,Bills,Mobile,210,,2024,2,5,February,Monday,2
429,2024-02-06T00:00:00.000,Food,Groceries,105,,2024,2,6,February,Tuesday,2
430,2024-02-06T00:00:00.000,Food,Dining Out,110,,2024,2,6,February,Tuesday,2
431,2024-02-06T00:00:00.000,Food,Smoking,90,,2024,2,6,February,Tuesday,2
432,2024-02-06T00:00:00.000,Food,Groceries,100,,2024,2,6,February,Tuesday,2
433,2024-02-06T00:00:00.000,Debt Payments,Friends & Family,1000,,2024,2,6,February,Tuesday,2
434,2024-02-06T00:00:00.000,Debt Payments,Car Debt,3530,,2024,2,6,February,Tuesday,2
435,2024-02-06T00:00:00.000,Bills,Others,40,,2024,2,6,February,Tuesday,2
436,2024-02-07T00:00:00.000,Transportation,Bus/train Rides,50,,2024,2,7,February,Wednesday,2
437,2024-02-07T00:00:00.000,Food,Coffee,40,,2024,2,7,February,Wednesday,2
438,2024-02-07T00:00:00.000,Food,Smoking,44,,2024,2,7,February,Wednesday,2
439,2024-02-07T00:00:00.000,Food,Groceries,11,,2024,2,7,February,Wednesday,2
440,2024-02-07T00:00:00.000,Transportation,Bus/train Rides,20,,2024,2,7,February,Wednesday,2
441,2024-02-08T00:00:00.000,Food,Smoking,34,,2024,2,8,February,Thursday,2
442,2024-02-08T00:00:00.000,Food,Groceries,30,,2024,2,8,February,Thursday,2
443,2024-02-08T00:00:00.000,Food,Groceries,75,,2024,2,8,February,Thursday,2
444,2024-02-09T00:00:00.000,Food,Drinks,280,,2024,2,9,February,Friday,2
445,2024-02-09T00:00:00.000,Food,Coffee,10,,2024,2,9,February,Friday,2
446,2024-02-09T00:00:00.000,Food,Groceries,57,,2024,2,9,February,Friday,2
447,2024-02-09T00:00:00.000,Bills,Water & Sewer,140,,2024,2,9,February,Friday,2
448,2024-02-09T00:00:00.000,Bills,Internet,350,,2024,2,9,February,Friday,2
449,2024-02-09T00:00:00.000,Transportation,Parking,15,,2024,2,9,February,Friday,2
450,2024-02-09T00:00:00.000,Transportation,Bus/train Rides,32,,2024,2,9,February,Friday,2
451,2024-02-10T00:00:00.000,Food,Groceries,65,,2024,2,10,February,Saturday,2
452,2024-02-10T00:00:00.000,Food,Smoking,44,,2024,2,10,February,Saturday,2
453,2024-02-10T00:00:00.000,Food,Groceries,100,,2024,2,10,February,Saturday,2
454,2024-02-10T00:00:00.000,Food,Groceries,20,,2024,2,10,February,Saturday,2
455,2024-02-11T00:00:00.000,Food,Smoking,125,,2024,2,11,February,Sunday,2
456,2024-02-11T00:00:00.000,Food,Groceries,8,,2024,2,11,February,Sunday,2
457,2024-02-11T00:00:00.000,Food,Groceries,22,,2024,2,11,February,Sunday,2
458,2024-02-12T00:00:00.000,Food,Groceries,100,,2024,2,12,February,Monday,2
459,2024-02-13T00:00:00.000,Food,Smoking,44,,2024,2,13,February,Tuesday,2
460,2024-02-13T00:00:00.000,Food,Groceries,80,,2024,2,13,February,Tuesday,2
461,2024-02-14T00:00:00.000,Food,Coffee,22,,2024,2,14,February,Wednesday,2
462,2024-02-14T00:00:00.000,Food,Groceries,37,,2024,2,14,February,Wednesday,2
463,2024-02-14T00:00:00.000,Food,Smoking,44,,2024,2,14,February,Wednesday,2
464,2024-02-14T00:00:00.000,Transportation,Parking,7,,2024,2,14,February,Wednesday,2
465,2024-02-15T00:00:00.000,Food,Smoking,125,,2024,2,15,February,Thursday,2
466,2024-02-16T00:00:00.000,Bills,Others,33,,2024,2,16,February,Friday,2
467,2024-02-16T00:00:00.000,Food,Smoking,10,,2024,2,16,February,Friday,2
468,2024-02-16T00:00:00.000,Food,Coffee,10,,2024,2,16,February,Friday,2
469,2024-02-16T00:00:00.000,Entertainment,Others,-90,,2024,2,16,February,Friday,2
470,2024-02-17T00:00:00.000,Personal Care,Medical,50,,2024,2,17,February,Saturday,2
471,2024-02-17T00:00:00.000,Food,Groceries,115,,2024,2,17,February,Saturday,2
472,2024-02-17T00:00:00.000,Food,Groceries,6,,2024,2,17,February,Saturday,2
473,2024-02-17T00:00:00.000,Food,Groceries,30,,2024,2,17,February,Saturday,2
474,2024-02-17T00:00:00.000,Food,Smoking,34,,2024,2,17,February,Saturday,2
475,2024-02-17T00:00:00.000,Bills,Electricity,189,,2024,2,17,February,Saturday,2
476,2024-02-18T00:00:00.000,Food,Smoking,34,,2024,2,18,February,Sunday,2
477,2024-02-18T00:00:00.000,Food,Dining Out,90,,2024,2,18,February,Sunday,2
478,2024-02-18T00:00:00.000,Food,Coffee,8,,2024,2,18,February,Sunday,2
479,2024-02-19T00:00:00.000,Food,Groceries,18,,2024,2,19,February,Monday,2
480,2024-02-19T00:00:00.000,Food,Dining Out,70,,2024,2,19,February,Monday,2
481,2024-02-19T00:00:00.000,Food,Smoking,44,,2024,2,19,February,Monday,2
482,2024-02-19T00:00:00.000,Food,Coffee,10,,2024,2,19,February,Monday,2
483,2024-02-20T00:00:00.000,Food,Dining Out,140,,2024,2,20,February,Tuesday,2
484,2024-02-20T00:00:00.000,Transportation,Parking,15,,2024,2,20,February,Tuesday,2
485,2024-02-20T00:00:00.000,Transportation,Bus/train Rides,10,,2024,2,20,February,Tuesday,2
486,2024-02-20T00:00:00.000,Food,Drinks,160,,2024,2,20,February,Tuesday,2
487,2024-02-20T00:00:00.000,Food,Smoking,82,,2024,2,20,February,Tuesday,2
488,2024-02-20T00:00:00.000,Personal Care,Others,30,,2024,2,20,February,Tuesday,2
489,2024-02-20T00:00:00.000,Food,Coffee,16,,2024,2,20,February,Tuesday,2
490,2024-02-21T00:00:00.000,Food,Groceries,100,,2024,2,21,February,Wednesday,2
491,2024-02-21T00:00:00.000,Food,Smoking,89,,2024,2,21,February,Wednesday,2
492,2024-02-21T00:00:00.000,Food,Dining Out,80,,2024,2,21,February,Wednesday,2
493,2024-02-22T00:00:00.000,Food,Groceries,75,,2024,2,22,February,Thursday,2
494,2024-02-22T00:00:00.000,Food,Smoking,10,,2024,2,22,February,Thursday,2
495,2024-02-23T00:00:00.000,Food,Smoking,68,,2024,2,23,February,Friday,2
496,2024-02-23T00:00:00.000,Transportation,Parking,11,,2024,2,23,February,Friday,2
497,2024-02-23T00:00:00.000,Transportation,Bus/train Rides,31,,2024,2,23,February,Friday,2
498,2024-02-23T00:00:00.000,Food,Coffee,10,,2024,2,23,February,Friday,2
499,2024-02-23T00:00:00.000,Food,Groceries,48,,2024,2,23,February,Friday,2
500,2024-02-23T00:00:00.000,Food,Dining Out,60,,2024,2,23,February,Friday,2
501,2024-02-24T00:00:00.000,Food,Drinks,400,,2024,2,24,February,Saturday,2
502,2024-02-24T00:00:00.000,Entertainment,Specials,230,,2024,2,24,February,Saturday,2
503,2024-02-24T00:00:00.000,Entertainment,Specials,70,,2024,2,24,February,Saturday,2
504,2024-02-24T00:00:00.000,Food,Smoking,80,,2024,2,24,February,Saturday,2
505,2024-02-24T00:00:00.000,Food,Groceries,85,,2024,2,24,February,Saturday,2
506,2024-02-25T00:00:00.000,Food,Smoking,80,,2024,2,25,February,Sunday,2
507,2024-02-25T00:00:00.000,Food,Groceries,12,,2024,2,25,February,Sunday,2
508,2024-02-25T00:00:00.000,Food,Coffee,20,,2024,2,25,February,Sunday,2
509,2024-02-26T00:00:00.000,Food,Smoking,34,,2024,2,26,February,Monday,2
510,2024-02-26T00:00:00.000,Food,Groceries,30,,2024,2,26,February,Monday,2
511,2024-02-27T00:00:00.000,Transportation,Bus/train Rides,40,,2024,2,27,February,Tuesday,2
512,2024-02-27T00:00:00.000,Transportation,Bus/train Rides,32,,2024,2,27,February,Tuesday,2
513,2024-02-27T00:00:00.000,Transportation,Parking,9,,2024,2,27,February,Tuesday,2
514,2024-02-27T00:00:00.000,Food,Smoking,50,,2024,2,27,February,Tuesday,2
515,2024-02-27T00:00:00.000,Food,Coffee,8,,2024,2,27,February,Tuesday,2
516,2024-02-28T00:00:00.000,Income,Others,1820,,2024,2,28,February,Wednesday,2
517,2024-02-28T00:00:00.000,Debt Payments,Friends & Family,400,FATHER,2024,2,28,February,Wednesday,2
518,2024-02-28T00:00:00.000,Debt Payments,Friends & Family,200,MONCEF,2024,2,28,February,Wednesday,2
519,2024-02-29T00:00:00.000,Transportation,Parking,15,,2024,2,29,February,Thursday,2
520,2024-02-29T00:00:00.000,Transportation,Bus/train Rides,40,,2024,2,29,February,Thursday,2
521,2024-02-29T00:00:00.000,Food,Coffee,15,,2024,2,29,February,Thursday,2
522,2024-02-29T00:00:00.000,Food,Smoking,34,,2024,2,29,February,Thursday,2
523,2024-02-29T00:00:00.000,Entertainment,Spotify Or/and Similar,35,,2024,2,29,February,Thursday,2
524,2024-03-01T00:00:00.000,Income,Salary,19000,,2024,3,1,March,Friday,3
525,2024-03-01T00:00:00.000,Transportation,Maintenance,700,,2024,3,1,March,Friday,3
526,2024-03-01T00:00:00.000,Food,Dining Out,180,,2024,3,1,March,Friday,3
527,2024-03-01T00:00:00.000,Savings,Travel,500,Akhchour-Chaouen 03/24,2024,3,1,March,Friday,3
528,2024-03-01T00:00:00.000,Savings,Travel,100,Akhchour-Chaouen 03/24,2024,3,1,March,Friday,3
529,2024-03-01T00:00:00.000,Income,Others,870,From feb ,2024,3,1,March,Friday,3
530,2024-03-01T00:00:00.000,Savings,Travel,80,Akhchour-Chaouen 03/24,2024,3,1,March,Friday,3
531,2024-03-01T00:00:00.000,Savings,Travel,126,Akhchour-Chaouen 03/24,2024,3,1,March,Friday,3
532,2024-03-01T00:00:00.000,Savings,Travel,20,Akhchour-Chaouen 03/24,2024,3,1,March,Friday,3
533,2024-03-01T00:00:00.000,Personal Care,Clothing,700,,2024,3,1,March,Friday,3
534,2024-03-01T00:00:00.000,Savings,Travel,50,Akhchour-Chaouen 03/24,2024,3,1,March,Friday,3
535,2024-03-01T00:00:00.000,Savings,Travel,70,Akhchour-Chaouen 03/24,2024,3,1,March,Friday,3
536,2024-03-01T00:00:00.000,Savings,Travel,50,Akhchour-Chaouen 03/24,2024,3,1,March,Friday,3
537,2024-03-01T00:00:00.000,Savings,Travel,1100,Akhchour-Chaouen 03/24,2024,3,1,March,Friday,3
538,2024-03-03T00:00:00.000,Food,Smoking,34,,2024,3,3,March,Sunday,3
539,2024-03-03T00:00:00.000,Food,Coffee,14,,2024,3,3,March,Sunday,3
540,2024-03-03T00:00:00.000,Food,Dining Out,36,,2024,3,3,March,Sunday,3
541,2024-03-03T00:00:00.000,Food,Dining Out,85,,2024,3,3,March,Sunday,3
542,2024-03-03T00:00:00.000,Debt Payments,Friends & Family,1000,Mounim,2024,3,3,March,Sunday,3
543,2024-03-03T00:00:00.000,Bills,Electricity,160,,2024,3,3,March,Sunday,3
544,2024-03-03T00:00:00.000,Transportation,Fuel,500,,2024,3,3,March,Sunday,3
545,2024-03-03T00:00:00.000,Bills,Mobile,310,,2024,3,3,March,Sunday,3
546,2024-03-03T00:00:00.000,Bills,Water & Sewer,140,,2024,3,3,March,Sunday,3
547,2024-03-03T00:00:00.000,Food,Groceries,100,,2024,3,3,March,Sunday,3
548,2024-03-03T00:00:00.000,Food,Smoking,90,,2024,3,3,March,Sunday,3
549,2024-03-03T00:00:00.000,Food,Dining Out,120,,2024,3,3,March,Sunday,3
550,2024-03-04T00:00:00.000,Debt Payments,House Mortgage,5000,,2024,3,4,March,Monday,3
551,2024-03-05T00:00:00.000,Food,Groceries,40,,2024,3,5,March,Tuesday,3
552,2024-03-05T00:00:00.000,Food,Smoking,34,,2024,3,5,March,Tuesday,3
553,2024-03-05T00:00:00.000,Debt Payments,Car Debt,3520,,2024,3,5,March,Tuesday,3
554,2024-03-05T00:00:00.000,Entertainment,Cinema,130,,2024,3,5,March,Tuesday,3
555,2024-03-06T00:00:00.000,Food,Dining Out,110,,2024,3,6,March,Wednesday,3
556,2024-03-06T00:00:00.000,Food,Smoking,44,,2024,3,6,March,Wednesday,3
557,2024-03-06T00:00:00.000,Transportation,Parking,15,,2024,3,6,March,Wednesday,3
558,2024-03-06T00:00:00.000,Transportation,Bus/train Rides,30,,2024,3,6,March,Wednesday,3
559,2024-03-06T00:00:00.000,Food,Coffee,30,,2024,3,6,March,Wednesday,3
560,2024-03-07T00:00:00.000,Food,Smoking,96,,2024,3,7,March,Thursday,3
561,2024-03-07T00:00:00.000,Food,Groceries,240,,2024,3,7,March,Thursday,3
562,2024-03-07T00:00:00.000,Personal Care,Dry Cleaning,40,,2024,3,7,March,Thursday,3
563,2024-03-07T00:00:00.000,Food,Groceries,10,,2024,3,7,March,Thursday,3
564,2024-03-08T00:00:00.000,Transportation,Parking,8,,2024,3,8,March,Friday,3
565,2024-03-08T00:00:00.000,Food,Drinks,400,,2024,3,8,March,Friday,3
566,2024-03-08T00:00:00.000,Food,Smoking,44,,2024,3,8,March,Friday,3
567,2024-03-09T00:00:00.000,Transportation,Bus/train Rides,44,,2024,3,9,March,Saturday,3
568,2024-03-09T00:00:00.000,Food,Dining Out,20,,2024,3,9,March,Saturday,3
569,2024-03-09T00:00:00.000,Food,Smoking,90,,2024,3,9,March,Saturday,3
570,2024-03-09T00:00:00.000,Food,Coffee,15,,2024,3,9,March,Saturday,3
571,2024-03-10T00:00:00.000,Food,Dining Out,60,,2024,3,10,March,Sunday,3
572,2024-03-10T00:00:00.000,Food,Groceries,80,,2024,3,10,March,Sunday,3
573,2024-03-10T00:00:00.000,Food,Groceries,60,,2024,3,10,March,Sunday,3
574,2024-03-10T00:00:00.000,Bills,Others,50,,2024,3,10,March,Sunday,3
575,2024-03-10T00:00:00.000,Savings,Travel,200,Akhchour-Chaouen 03/24,2024,3,10,March,Sunday,3
576,2024-03-11T00:00:00.000,Transportation,Bus/train Rides,70,,2024,3,11,March,Monday,3
577,2024-03-11T00:00:00.000,Transportation,Parking,10,,2024,3,11,March,Monday,3
578,2024-03-11T00:00:00.000,Food,Smoking,44,,2024,3,11,March,Monday,3
579,2024-03-11T00:00:00.000,Entertainment,Specials,600,,2024,3,11,March,Monday,3
580,2024-03-11T00:00:00.000,Food,Dining Out,50,,2024,3,11,March,Monday,3
581,2024-03-12T00:00:00.000,Food,Groceries,20,,2024,3,12,March,Tuesday,3
582,2024-03-12T00:00:00.000,Food,Coffee,6,,2024,3,12,March,Tuesday,3
583,2024-03-12T00:00:00.000,Food,Smoking,34,,2024,3,12,March,Tuesday,3
584,2024-03-13T00:00:00.000,Savings,Travel,100,Assurance Voyage,2024,3,13,March,Wednesday,3
585,2024-03-13T00:00:00.000,Savings,Travel,30,Impression Visa,2024,3,13,March,Wednesday,3
586,2024-03-13T00:00:00.000,Food,Smoking,40,,2024,3,13,March,Wednesday,3
587,2024-03-13T00:00:00.000,Transportation,Parking,5,,2024,3,13,March,Wednesday,3
588,2024-03-13T00:00:00.000,Savings,Travel,40,Photo Visa,2024,3,13,March,Wednesday,3
589,2024-03-13T00:00:00.000,Transportation,Bus/train Rides,20,,2024,3,13,March,Wednesday,3
590,2024-03-13T00:00:00.000,Food,Groceries,120,,2024,3,13,March,Wednesday,3
591,2024-03-14T00:00:00.000,Food,Smoking,66,,2024,3,14,March,Thursday,3
592,2024-03-14T00:00:00.000,Bills,Others,30,,2024,3,14,March,Thursday,3
593,2024-03-15T00:00:00.000,Savings,Travel,330,Visa Wafacash,2024,3,15,March,Friday,3
594,2024-03-15T00:00:00.000,Transportation,Parking,11,,2024,3,15,March,Friday,3
595,2024-03-15T00:00:00.000,Transportation,Bus/train Rides,40,,2024,3,15,March,Friday,3
596,2024-03-15T00:00:00.000,Food,Groceries,20,,2024,3,15,March,Friday,3
597,2024-03-15T00:00:00.000,Food,Smoking,80,,2024,3,15,March,Friday,3
598,2024-03-16T00:00:00.000,Food,Dining Out,110,,2024,3,16,March,Saturday,3
599,2024-03-16T00:00:00.000,Food,Groceries,60,,2024,3,16,March,Saturday,3
600,2024-03-17T00:00:00.000,Food,Smoking,44,,2024,3,17,March,Sunday,3
601,2024-03-17T00:00:00.000,Debt Payments,Friends & Family,-200,Moncef,2024,3,17,March,Sunday,3
602,2024-03-18T00:00:00.000,Savings,Travel,900,Visa,2024,3,18,March,Monday,3
603,2024-03-18T00:00:00.000,Transportation,Bus/train Rides,40,,2024,3,18,March,Monday,3
604,2024-03-18T00:00:00.000,Transportation,Parking,15,,2024,3,18,March,Monday,3
605,2024-03-18T00:00:00.000,Food,Smoking,34,,2024,3,18,March,Monday,3
606,2024-03-19T00:00:00.000,Food,Groceries,70,,2024,3,19,March,Tuesday,3
607,2024-03-19T00:00:00.000,Food,Smoking,80,,2024,3,19,March,Tuesday,3
608,2024-03-22T00:00:00.000,Transportation,Fuel,100,,2024,3,22,March,Friday,3
609,2024-03-22T00:00:00.000,Transportation,Bus/train Rides,30,,2024,3,22,March,Friday,3
610,2024-03-22T00:00:00.000,Transportation,Parking,10,,2024,3,22,March,Friday,3
611,2024-03-22T00:00:00.000,Food,Smoking,50,,2024,3,22,March,Friday,3
612,2024-03-22T00:00:00.000,Food,Groceries,35,,2024,3,22,March,Friday,3
613,2024-03-22T00:00:00.000,Food,Dining Out,130,,2024,3,22,March,Friday,3
614,2024-03-23T00:00:00.000,Food,Smoking,90,,2024,3,23,March,Saturday,3
615,2024-03-25T00:00:00.000,Food,Groceries,50,,2024,3,25,March,Monday,3
616,2024-03-26T00:00:00.000,Food,Groceries,75,,2024,3,26,March,Tuesday,3
617,2024-03-26T00:00:00.000,Food,Dining Out,85,,2024,3,26,March,Tuesday,3
618,2024-03-26T00:00:00.000,Food,Smoking,34,,2024,3,26,March,Tuesday,3
619,2024-03-27T00:00:00.000,Food,Smoking,90,,2024,3,27,March,Wednesday,3
620,2024-03-27T00:00:00.000,Transportation,Bus/train Rides,30,,2024,3,27,March,Wednesday,3
621,2024-03-27T00:00:00.000,Transportation,Parking,11,,2024,3,27,March,Wednesday,3
622,2024-03-28T00:00:00.000,Debt Payments,Friends & Family,2000,Loan Out Ranya,2024,3,28,March,Thursday,3
623,2024-03-28T00:00:00.000,Bills,Internet,350,,2024,3,28,March,Thursday,3
624,2024-03-28T00:00:00.000,Bills,Mobile,310,,2024,3,28,March,Thursday,3
625,2024-03-28T00:00:00.000,Debt Payments,Friends & Family,-1500,Loan In Mounim,2024,3,28,March,Thursday,3
626,2024-03-28T00:00:00.000,Entertainment,Others,-150,Hash return,2024,3,28,March,Thursday,3
627,2024-03-28T00:00:00.000,Food,Smoking,135,,2024,3,28,March,Thursday,3
628,2024-03-28T00:00:00.000,Debt Payments,Others,92,Interest Facilité,2024,3,28,March,Thursday,3
629,2024-03-28T00:00:00.000,Bills,Others,50,Frais virement instantanée,2024,3,28,March,Thursday,3
630,2024-03-28T00:00:00.000,Bills,Others,21,Retrait confrère,2024,3,28,March,Thursday,3
631,2024-03-28T00:00:00.000,Food,Smoking,100,,2024,3,28,March,Thursday,3
632,2024-03-28T00:00:00.000,Transportation,Fuel,100,,2024,3,28,March,Thursday,3
633,2024-03-29T00:00:00.000,Food,Dining Out,90,,2024,3,29,March,Friday,3
634,2024-03-29T00:00:00.000,Housing,Cleaning Routine,240,,2024,3,29,March,Friday,3
635,2024-03-29T00:00:00.000,Food,Groceries,100,,2024,3,29,March,Friday,3
636,2024-03-29T00:00:00.000,Bills,Others,400,Compte SG,2024,3,29,March,Friday,3
637,2024-03-30T00:00:00.000,Food,Smoking,135,,2024,3,30,March,Saturday,3
638,2024-03-30T00:00:00.000,Food,Dining Out,90,,2024,3,30,March,Saturday,3
639,2024-03-31T00:00:00.000,Entertainment,Specials,325,,2024,3,31,March,Sunday,3
640,2024-03-31T00:00:00.000,Food,Groceries,100,,2024,3,31,March,Sunday,3
641,2024-03-31T00:00:00.000,Food,Smoking,40,,2024,3,31,March,Sunday,3
642,2024-04-01T00:00:00.000,Debt Payments,Others,3600,Deficit mars,2024,4,1,April,Monday,4
643,2024-04-01T00:00:00.000,Income,Salary,64980,,2024,4,1,April,Monday,4
644,2024-04-01T00:00:00.000,Food,Groceries,75,,2024,4,1,April,Monday,4
645,2024-04-01T00:00:00.000,Debt Payments,Friends & Family,1500,Mounim,2024,4,1,April,Monday,4
646,2024-04-01T00:00:00.000,Entertainment,Spotify Or/and Similar,35,,2024,4,1,April,Monday,4
647,2024-04-02T00:00:00.000,Food,Groceries,130,,2024,4,2,April,Tuesday,4
648,2024-04-02T00:00:00.000,Food,Smoking,90,Not Paid,2024,4,2,April,Tuesday,4
649,2024-04-02T00:00:00.000,Transportation,Parking,36,,2024,4,2,April,Tuesday,4
650,2024-04-02T00:00:00.000,Transportation,Bus/train Rides,10,,2024,4,2,April,Tuesday,4
651,2024-04-02T00:00:00.000,Entertainment,Specials,1000,,2024,4,2,April,Tuesday,4
652,2024-04-02T00:00:00.000,Entertainment,Spotify Or/and Similar,150,,2024,4,2,April,Tuesday,4
653,2024-04-03T00:00:00.000,Food,Dining Out,60,,2024,4,3,April,Wednesday,4
654,2024-04-03T00:00:00.000,Food,Groceries,160,,2024,4,3,April,Wednesday,4
655,2024-04-03T00:00:00.000,Transportation,Fuel,100,,2024,4,3,April,Wednesday,4
656,2024-04-03T00:00:00.000,Bills,Others,60,,2024,4,3,April,Wednesday,4
657,2024-04-03T00:00:00.000,Bills,Others,50,,2024,4,3,April,Wednesday,4
658,2024-04-03T00:00:00.000,Bills,Water & Sewer,286,,2024,4,3,April,Wednesday,4
659,2024-04-04T00:00:00.000,Transportation,Bus/train Rides,100,,2024,4,4,April,Thursday,4
660,2024-04-04T00:00:00.000,Entertainment,Cinema,200,Book,2024,4,4,April,Thursday,4
661,2024-04-04T00:00:00.000,Food,Groceries,80,,2024,4,4,April,Thursday,4
662,2024-04-04T00:00:00.000,Food,Groceries,200,,2024,4,4,April,Thursday,4
663,2024-04-04T00:00:00.000,Food,Groceries,55,,2024,4,4,April,Thursday,4
664,2024-04-04T00:00:00.000,Food,Smoking,46,,2024,4,4,April,Thursday,4
665,2024-04-04T00:00:00.000,Debt Payments,House Mortgage,5060,,2024,4,4,April,Thursday,4
666,2024-04-04T00:00:00.000,Debt Payments,Car Debt,3550,,2024,4,4,April,Thursday,4
667,2024-04-04T00:00:00.000,Food,Dining Out,90,,2024,4,4,April,Thursday,4
668,2024-04-06T00:00:00.000,Food,Groceries,40,,2024,4,6,April,Saturday,4
669,2024-04-06T00:00:00.000,Food,Smoking,45,,2024,4,6,April,Saturday,4
670,2024-04-06T00:00:00.000,Bills,Electricity,770,,2024,4,6,April,Saturday,4
671,2024-04-07T00:00:00.000,Food,Dining Out,85,,2024,4,7,April,Sunday,4
672,2024-04-07T00:00:00.000,Food,Smoking,34,,2024,4,7,April,Sunday,4
673,2024-04-07T00:00:00.000,Entertainment,Specials,800,,2024,4,7,April,Sunday,4
674,2024-04-08T00:00:00.000,Food,Smoking,80,,2024,4,8,April,Monday,4
675,2024-04-08T00:00:00.000,Food,Groceries,15,,2024,4,8,April,Monday,4
676,2024-04-08T00:00:00.000,Transportation,Fuel,100,,2024,4,8,April,Monday,4
677,2024-04-09T00:00:00.000,Transportation,Bus/train Rides,100,,2024,4,9,April,Tuesday,4
678,2024-04-09T00:00:00.000,Debt Payments,Friends & Family,600,Loan Out Ranya,2024,4,9,April,Tuesday,4
679,2024-04-09T00:00:00.000,Food,Groceries,100,,2024,4,9,April,Tuesday,4
680,2024-04-10T00:00:00.000,Food,Smoking,50,,2024,4,10,April,Wednesday,4
681,2024-04-10T00:00:00.000,Entertainment,Concerts & Live,1250,Hash,2024,4,10,April,Wednesday,4
682,2024-04-10T00:00:00.000,Bills,Others,90,Dotation Tourisme,2024,4,10,April,Wednesday,4
683,2024-04-10T00:00:00.000,Bills,Others,90,Dotation Ecommerce,2024,4,10,April,Wednesday,4
684,2024-04-10T00:00:00.000,Food,Smoking,50,,2024,4,10,April,Wednesday,4
685,2024-04-10T00:00:00.000,Food,Groceries,50,,2024,4,10,April,Wednesday,4
686,2024-04-11T00:00:00.000,Savings,Travel,2500,Imlil,2024,4,11,April,Thursday,4
687,2024-04-11T00:00:00.000,Savings,Travel,2080,Barcelone,2024,4,11,April,Thursday,4
688,2024-04-11T00:00:00.000,Debt Payments,Friends & Family,2600,Father,2024,4,11,April,Thursday,4
689,2024-04-11T00:00:00.000,Debt Payments,Friends & Family,7100,Mother,2024,4,11,April,Thursday,4
690,2024-04-11T00:00:00.000,Transportation,Fuel,520,,2024,4,11,April,Thursday,4
691,2024-04-14T00:00:00.000,Food,Dining Out,85,,2024,4,14,April,Sunday,4
692,2024-04-14T00:00:00.000,Food,Groceries,130,,2024,4,14,April,Sunday,4
693,2024-04-15T00:00:00.000,Food,Dining Out,210,,2024,4,15,April,Monday,4
694,2024-04-15T00:00:00.000,Food,Dining Out,79,,2024,4,15,April,Monday,4
695,2024-04-15T00:00:00.000,Food,Dining Out,90,,2024,4,15,April,Monday,4
696,2024-04-16T00:00:00.000,Food,Smoking,79,,2024,4,16,April,Tuesday,4
697,2024-04-17T00:00:00.000,Transportation,Parking,15,,2024,4,17,April,Wednesday,4
698,2024-04-17T00:00:00.000,Transportation,Bus/train Rides,30,,2024,4,17,April,Wednesday,4
699,2024-04-17T00:00:00.000,Food,Dining Out,80,,2024,4,17,April,Wednesday,4
700,2024-04-17T00:00:00.000,Food,Coffee,35,,2024,4,17,April,Wednesday,4
701,2024-04-17T00:00:00.000,Food,Drinks,330,,2024,4,17,April,Wednesday,4
702,2024-04-17T00:00:00.000,Personal Care,Clothing,70,,2024,4,17,April,Wednesday,4
703,2024-04-17T00:00:00.000,Food,Groceries,250,,2024,4,17,April,Wednesday,4
704,2024-04-17T00:00:00.000,Debt Payments,House Mortgage,800,AXA,2024,4,17,April,Wednesday,4
705,2024-04-17T00:00:00.000,Debt Payments,Friends & Family,433,Ranya,2024,4,17,April,Wednesday,4
706,2024-04-17T00:00:00.000,Food,Smoking,90,,2024,4,17,April,Wednesday,4
707,2024-04-18T00:00:00.000,Entertainment,Concerts & Live,160,Hash,2024,4,18,April,Thursday,4
708,2024-04-18T00:00:00.000,Food,Groceries,110,,2024,4,18,April,Thursday,4
709,2024-04-18T00:00:00.000,Food,Smoking,90,,2024,4,18,April,Thursday,4
710,2024-04-19T00:00:00.000,Personal Care,Medical,50,CF ,2024,4,19,April,Friday,4
711,2024-04-19T00:00:00.000,Food,Drinks,250,,2024,4,19,April,Friday,4
712,2024-04-19T00:00:00.000,Entertainment,Specials,1050,,2024,4,19,April,Friday,4
713,2024-04-19T00:00:00.000,Food,Dining Out,90,,2024,4,19,April,Friday,4
714,2024-04-19T00:00:00.000,Food,Coffee,30,,2024,4,19,April,Friday,4
715,2024-04-20T00:00:00.000,Personal Care,Barber,420,,2024,4,20,April,Saturday,4
716,2024-04-20T00:00:00.000,Entertainment,Others,400,Casque+clé,2024,4,20,April,Saturday,4
717,2024-04-20T00:00:00.000,Transportation,Bus/train Rides,30,,2024,4,20,April,Saturday,4
718,2024-04-20T00:00:00.000,Food,Coffee,16,,2024,4,20,April,Saturday,4
719,2024-04-20T00:00:00.000,Food,Dining Out,70,,2024,4,20,April,Saturday,4
720,2024-04-20T00:00:00.000,Food,Smoking,34,,2024,4,20,April,Saturday,4
721,2024-04-20T00:00:00.000,Food,Groceries,20,,2024,4,20,April,Saturday,4
722,2024-04-20T00:00:00.000,Housing,Cleaning Routine,300,,2024,4,20,April,Saturday,4
723,2024-04-20T00:00:00.000,Debt Payments,Others,300,Reliquat entre compte en banque,2024,4,20,April,Saturday,4
724,2024-04-30T00:00:00.000,Savings,Travel,22880,,2024,4,30,April,Tuesday,4
725,2024-05-01T00:00:00.000,Bills,Mobile,450,,2024,5,1,May,Wednesday,5
726,2024-05-01T00:00:00.000,Bills,Electricity,253,,2024,5,1,May,Wednesday,5
727,2024-05-01T00:00:00.000,Bills,Water & Sewer,147,,2024,5,1,May,Wednesday,5
728,2024-05-01T00:00:00.000,Debt Payments,House Mortgage,5000,,2024,5,1,May,Wednesday,5
729,2024-05-01T00:00:00.000,Debt Payments,Car Debt,3530,,2024,5,1,May,Wednesday,5
730,2024-05-01T00:00:00.000,Food,Dining Out,410,,2024,5,1,May,Wednesday,5
731,2024-05-01T00:00:00.000,Food,Groceries,130,,2024,5,1,May,Wednesday,5
732,2024-05-01T00:00:00.000,Transportation,Bus/train Rides,100,,2024,5,1,May,Wednesday,5
733,2024-05-01T00:00:00.000,Income,Salary,18800,,2024,5,1,May,Wednesday,5
734,2024-05-01T00:00:00.000,Personal Care,Medical,500,,2024,5,1,May,Wednesday,5
735,2024-05-01T00:00:00.000,Bills,Others,120,,2024,5,1,May,Wednesday,5
736,2024-05-01T00:00:00.000,Food,Drinks,200,,2024,5,1,May,Wednesday,5
737,2024-05-01T00:00:00.000,Food,Smoking,90,,2024,5,1,May,Wednesday,5
738,2024-05-01T00:00:00.000,Food,Groceries,170,,2024,5,1,May,Wednesday,5
739,2024-05-01T00:00:00.000,Bills,Internet,350,,2024,5,1,May,Wednesday,5
740,2024-05-01T00:00:00.000,Food,Dining Out,90,,2024,5,1,May,Wednesday,5
741,2024-05-01T00:00:00.000,Food,Groceries,130,,2024,5,1,May,Wednesday,5
742,2024-05-05T00:00:00.000,Food,Smoking,110,,2024,5,5,May,Sunday,5
743,2024-05-06T00:00:00.000,Food,Dining Out,160,,2024,5,6,May,Monday,5
744,2024-05-06T00:00:00.000,Food,Groceries,130,,2024,5,6,May,Monday,5
745,2024-05-07T00:00:00.000,Food,Drinks,240,,2024,5,7,May,Tuesday,5
746,2024-05-07T00:00:00.000,Debt Payments,Friends & Family,200,,2024,5,7,May,Tuesday,5
747,2024-05-07T00:00:00.000,Food,Dining Out,120,,2024,5,7,May,Tuesday,5
748,2024-05-07T00:00:00.000,Entertainment,Specials,500,,2024,5,7,May,Tuesday,5
749,2024-05-07T00:00:00.000,Entertainment,Cinema,110,,2024,5,7,May,Tuesday,5
750,2024-05-07T00:00:00.000,Transportation,Parking,18,,2024,5,7,May,Tuesday,5
751,2024-05-07T00:00:00.000,Transportation,Bus/train Rides,35,,2024,5,7,May,Tuesday,5
752,2024-05-07T00:00:00.000,Debt Payments,Others,170,,2024,5,7,May,Tuesday,5
753,2024-05-08T00:00:00.000,Food,Dining Out,80,,2024,5,8,May,Wednesday,5
754,2024-05-08T00:00:00.000,Food,Groceries,161,,2024,5,8,May,Wednesday,5
755,2024-05-08T00:00:00.000,Bills,Others,50,,2024,5,8,May,Wednesday,5
756,2024-05-09T00:00:00.000,Transportation,Fuel,200,,2024,5,9,May,Thursday,5
757,2024-05-09T00:00:00.000,Entertainment,Specials,520,,2024,5,9,May,Thursday,5
758,2024-05-09T00:00:00.000,Food,Groceries,100,,2024,5,9,May,Thursday,5
759,2024-05-09T00:00:00.000,Food,Smoking,44,,2024,5,9,May,Thursday,5
760,2024-05-10T00:00:00.000,Transportation,Parking,15,,2024,5,10,May,Friday,5
761,2024-05-10T00:00:00.000,Transportation,Bus/train Rides,35,,2024,5,10,May,Friday,5
762,2024-05-10T00:00:00.000,Food,Dining Out,70,,2024,5,10,May,Friday,5
763,2024-05-10T00:00:00.000,Food,Smoking,68,,2024,5,10,May,Friday,5
764,2024-05-11T00:00:00.000,Food,Groceries,120,,2024,5,11,May,Saturday,5
765,2024-05-11T00:00:00.000,Food,Smoking,100,,2024,5,11,May,Saturday,5
766,2024-05-11T00:00:00.000,Food,Dining Out,110,,2024,5,11,May,Saturday,5
767,2024-05-11T00:00:00.000,Entertainment,Specials,30,,2024,5,11,May,Saturday,5
768,2024-05-12T00:00:00.000,Food,Groceries,82,,2024,5,12,May,Sunday,5
769,2024-05-12T00:00:00.000,Food,Groceries,70,,2024,5,12,May,Sunday,5
770,2024-05-12T00:00:00.000,Food,Dining Out,70,,2024,5,12,May,Sunday,5
771,2024-05-12T00:00:00.000,Food,Groceries,220,,2024,5,12,May,Sunday,5
772,2024-05-13T00:00:00.000,Entertainment,Specials,450,,2024,5,13,May,Monday,5
773,2024-05-13T00:00:00.000,Food,Smoking,40,,2024,5,13,May,Monday,5
774,2024-05-14T00:00:00.000,Food,Smoking,125,,2024,5,14,May,Tuesday,5
775,2024-05-15T00:00:00.000,Transportation,Bus/train Rides,68,,2024,5,15,May,Wednesday,5
776,2024-05-15T00:00:00.000,Food,Dining Out,70,,2024,5,15,May,Wednesday,5
777,2024-05-15T00:00:00.000,Food,Coffee,17,,2024,5,15,May,Wednesday,5
778,2024-05-16T00:00:00.000,Food,Dining Out,70,,2024,5,16,May,Thursday,5
779,2024-05-17T00:00:00.000,Food,Dining Out,150,,2024,5,17,May,Friday,5
780,2024-05-17T00:00:00.000,Food,Smoking,60,,2024,5,17,May,Friday,5
781,2024-05-17T00:00:00.000,Food,Dining Out,90,,2024,5,17,May,Friday,5
782,2024-05-17T00:00:00.000,Food,Dining Out,40,,2024,5,17,May,Friday,5
783,2024-05-17T00:00:00.000,Food,Smoking,100,,2024,5,17,May,Friday,5
784,2024-05-17T00:00:00.000,Transportation,Bus/train Rides,60,,2024,5,17,May,Friday,5
785,2024-05-17T00:00:00.000,Transportation,Bus/train Rides,100,,2024,5,17,May,Friday,5
786,2024-05-17T00:00:00.000,Food,Dining Out,80,,2024,5,17,May,Friday,5
787,2024-05-18T00:00:00.000,Food,Smoking,90,,2024,5,18,May,Saturday,5
788,2024-05-18T00:00:00.000,Food,Groceries,100,,2024,5,18,May,Saturday,5
789,2024-05-18T00:00:00.000,Debt Payments,Friends & Family,-1600,Loan In Rania,2024,5,18,May,Saturday,5
790,2024-05-19T00:00:00.000,Food,Dining Out,85,,2024,5,19,May,Sunday,5
791,2024-05-19T00:00:00.000,Food,Smoking,-100,,2024,5,19,May,Sunday,5
792,2024-05-19T00:00:00.000,Activities,Hash,700,,2024,5,19,May,Sunday,5
793,2024-05-19T00:00:00.000,Bills,Internet,350,,2024,5,19,May,Sunday,5
794,2024-05-19T00:00:00.000,Food,Dining Out,80,,2024,5,19,May,Sunday,5
795,2024-05-19T00:00:00.000,Food,Dining Out,150,,2024,5,19,May,Sunday,5
796,2024-05-19T00:00:00.000,Food,Smoking,100,,2024,5,19,May,Sunday,5
797,2024-05-20T00:00:00.000,Food,Groceries,190,,2024,5,20,May,Monday,5
798,2024-05-21T00:00:00.000,Food,Groceries,110,,2024,5,21,May,Tuesday,5
799,2024-05-21T00:00:00.000,Debt Payments,Friends & Family,520,Basso,2024,5,21,May,Tuesday,5
800,2024-05-22T00:00:00.000,Food,Dining Out,60,,2024,5,22,May,Wednesday,5
801,2024-05-22T00:00:00.000,Food,Dining Out,50,,2024,5,22,May,Wednesday,5
802,2024-05-22T00:00:00.000,Transportation,Bus/train Rides,30,Recharge Busway,2024,5,22,May,Wednesday,5
803,2024-05-22T00:00:00.000,Transportation,Bus/train Rides,32,Indrive,2024,5,22,May,Wednesday,5
804,2024-05-22T00:00:00.000,Food,Coffee,10,,2024,5,22,May,Wednesday,5
805,2024-05-22T00:00:00.000,Food,Smoking,34,,2024,5,22,May,Wednesday,5
806,2024-05-23T00:00:00.000,Food,Smoking,100,,2024,5,23,May,Thursday,5
807,2024-05-23T00:00:00.000,Debt Payments,Friends & Family,-500,Basso retour prêt,2024,5,23,May,Thursday,5
808,2024-05-23T00:00:00.000,Savings,Travel,120,API Flights - August,2024,5,23,May,Thursday,5
809,2024-05-23T00:00:00.000,Food,Smoking,100,,2024,5,23,May,Thursday,5
810,2024-05-24T00:00:00.000,Transportation,Bus/train Rides,40,,2024,5,24,May,Friday,5
811,2024-05-24T00:00:00.000,Food,Coffee,10,,2024,5,24,May,Friday,5
812,2024-05-24T00:00:00.000,Food,Dining Out,190,,2024,5,24,May,Friday,5
813,2024-05-25T00:00:00.000,Food,Smoking,100,,2024,5,25,May,Saturday,5
814,2024-05-25T00:00:00.000,Food,Drinks,170,,2024,5,25,May,Saturday,5
815,2024-05-25T00:00:00.000,Food,Dining Out,70,,2024,5,25,May,Saturday,5
816,2024-05-26T00:00:00.000,Food,Groceries,185,,2024,5,26,May,Sunday,5
817,2024-05-26T00:00:00.000,Housing,Supplies,50,,2024,5,26,May,Sunday,5
818,2024-05-27T00:00:00.000,Food,Dining Out,70,,2024,5,27,May,Monday,5
819,2024-05-27T00:00:00.000,Food,Smoking,100,,2024,5,27,May,Monday,5
820,2024-05-28T00:00:00.000,Food,Dining Out,90,,2024,5,28,May,Tuesday,5
821,2024-05-29T00:00:00.000,Transportation,Parking,10,,2024,5,29,May,Wednesday,5
822,2024-05-29T00:00:00.000,Transportation,Bus/train Rides,32,,2024,5,29,May,Wednesday,5
823,2024-05-29T00:00:00.000,Food,Coffee,10,,2024,5,29,May,Wednesday,5
824,2024-05-29T00:00:00.000,Food,Smoking,90,,2024,5,29,May,Wednesday,5
825,2024-05-29T00:00:00.000,Food,Groceries,45,,2024,5,29,May,Wednesday,5
826,2024-05-30T00:00:00.000,Food,Groceries,90,,2024,5,30,May,Thursday,5
827,2024-05-31T00:00:00.000,Food,Dining Out,75,,2024,5,31,May,Friday,5
828,2024-05-31T00:00:00.000,Food,Coffee,30,,2024,5,31,May,Friday,5
829,2024-05-31T00:00:00.000,Transportation,Bus/train Rides,30,,2024,5,31,May,Friday,5
830,2024-05-31T00:00:00.000,Transportation,Parking,15,,2024,5,31,May,Friday,5
831,2024-05-31T00:00:00.000,Food,Smoking,100,,2024,5,31,May,Friday,5
832,2024-06-01T00:00:00.000,Food,Groceries,25,,2024,6,1,June,Saturday,6
833,2024-06-01T00:00:00.000,Food,Dining Out,70,,2024,6,1,June,Saturday,6
834,2024-06-01T00:00:00.000,Savings,Travel,4100,August,2024,6,1,June,Saturday,6
835,2024-06-01T00:00:00.000,Income,Salary,21400,,2024,6,1,June,Saturday,6
836,2024-06-01T00:00:00.000,Entertainment,Cinema,140,Cercle,2024,6,1,June,Saturday,6
837,2024-06-01T00:00:00.000,Bills,Mobile,549,,2024,6,1,June,Saturday,6
838,2024-06-01T00:00:00.000,Bills,Water & Sewer,310,,2024,6,1,June,Saturday,6
839,2024-06-01T00:00:00.000,Housing,Trustee And Other Services,1000,,2024,6,1,June,Saturday,6
840,2024-06-01T00:00:00.000,Food,Dining Out,95,,2024,6,1,June,Saturday,6
841,2024-06-01T00:00:00.000,Debt Payments,Others,741,,2024,6,1,June,Saturday,6
842,2024-06-01T00:00:00.000,Food,Drinks,200,,2024,6,1,June,Saturday,6
843,2024-06-01T00:00:00.000,Bills,Others,50,,2024,6,1,June,Saturday,6
844,2024-06-01T00:00:00.000,Entertainment,Spotify Or/and Similar,100,,2024,6,1,June,Saturday,6
845,2024-06-02T00:00:00.000,Food,Smoking,90,,2024,6,2,June,Sunday,6
846,2024-06-02T00:00:00.000,Food,Groceries,93,,2024,6,2,June,Sunday,6
847,2024-06-03T00:00:00.000,Food,Smoking,90,,2024,6,3,June,Monday,6
848,2024-06-03T00:00:00.000,Food,Smoking,110,,2024,6,3,June,Monday,6
849,2024-06-04T00:00:00.000,Food,Coffee,15,,2024,6,4,June,Tuesday,6
850,2024-06-04T00:00:00.000,Food,Dining Out,10,,2024,6,4,June,Tuesday,6
851,2024-06-04T00:00:00.000,Entertainment,Specials,500,,2024,6,4,June,Tuesday,6
852,2024-06-04T00:00:00.000,Transportation,Bus/train Rides,40,,2024,6,4,June,Tuesday,6
853,2024-06-04T00:00:00.000,Transportation,Parking,17,,2024,6,4,June,Tuesday,6
854,2024-06-04T00:00:00.000,Food,Smoking,132,,2024,6,4,June,Tuesday,6
855,2024-06-04T00:00:00.000,Personal Care,Others,100,,2024,6,4,June,Tuesday,6
856,2024-06-04T00:00:00.000,Debt Payments,Friends & Family,2200,,2024,6,4,June,Tuesday,6
857,2024-06-04T00:00:00.000,Debt Payments,House Mortgage,5100,,2024,6,4,June,Tuesday,6
858,2024-06-04T00:00:00.000,Debt Payments,Car Debt,3550,,2024,6,4,June,Tuesday,6
859,2024-06-05T00:00:00.000,Transportation,Bus/train Rides,60,Busway,2024,6,5,June,Wednesday,6
860,2024-06-05T00:00:00.000,Transportation,Bus/train Rides,40,,2024,6,5,June,Wednesday,6
861,2024-06-05T00:00:00.000,Food,Coffee,30,,2024,6,5,June,Wednesday,6
862,2024-06-05T00:00:00.000,Food,Dining Out,72,,2024,6,5,June,Wednesday,6
863,2024-06-05T00:00:00.000,Food,Dining Out,60,,2024,6,5,June,Wednesday,6
864,2024-06-05T00:00:00.000,Debt Payments,Friends & Family,-1500,Loan In Rania,2024,6,5,June,Wednesday,6
865,2024-06-06T00:00:00.000,Savings,Travel,2500,Taghazout,2024,6,6,June,Thursday,6
866,2024-06-06T00:00:00.000,Savings,Travel,1760,Camera,2024,6,6,June,Thursday,6
867,2024-06-06T00:00:00.000,Personal Care,Others,110,Argan,2024,6,6,June,Thursday,6
868,2024-06-09T00:00:00.000,Transportation,Fuel,200,,2024,6,9,June,Sunday,6
869,2024-06-09T00:00:00.000,Entertainment,Cinema,150,Miracast,2024,6,9,June,Sunday,6
870,2024-06-09T00:00:00.000,Bills,Others,100,,2024,6,9,June,Sunday,6
871,2024-06-10T00:00:00.000,Food,Coffee,73,,2024,6,10,June,Monday,6
872,2024-06-10T00:00:00.000,Food,Dining Out,87,,2024,6,10,June,Monday,6
873,2024-06-11T00:00:00.000,Food,Groceries,100,,2024,6,11,June,Tuesday,6
874,2024-06-11T00:00:00.000,Food,Smoking,100,,2024,6,11,June,Tuesday,6
875,2024-06-11T00:00:00.000,Food,Dining Out,60,,2024,6,11,June,Tuesday,6
876,2024-06-11T00:00:00.000,Personal Care,Dry Cleaning,52,,2024,6,11,June,Tuesday,6
877,2024-06-12T00:00:00.000,Transportation,Parking,20,,2024,6,12,June,Wednesday,6
878,2024-06-12T00:00:00.000,Transportation,Bus/train Rides,30,,2024,6,12,June,Wednesday,6
879,2024-06-12T00:00:00.000,Food,Dining Out,10,,2024,6,12,June,Wednesday,6
880,2024-06-12T00:00:00.000,Food,Dining Out,65,,2024,6,12,June,Wednesday,6
881,2024-06-12T00:00:00.000,Food,Coffee,30,,2024,6,12,June,Wednesday,6
882,2024-06-12T00:00:00.000,Food,Smoking,45,,2024,6,12,June,Wednesday,6
883,2024-06-13T00:00:00.000,Activities,Hash,700,Hash,2024,6,13,June,Thursday,6
884,2024-06-13T00:00:00.000,Food,Coffee,10,,2024,6,13,June,Thursday,6
885,2024-06-13T00:00:00.000,Food,Dining Out,10,,2024,6,13,June,Thursday,6
886,2024-06-13T00:00:00.000,Food,Smoking,44,,2024,6,13,June,Thursday,6
887,2024-06-13T00:00:00.000,Food,Groceries,116,,2024,6,13,June,Thursday,6
888,2024-06-14T00:00:00.000,Food,Dining Out,110,,2024,6,14,June,Friday,6
889,2024-06-14T00:00:00.000,Food,Drinks,250,,2024,6,14,June,Friday,6
890,2024-06-14T00:00:00.000,Food,Drinks,350,,2024,6,14,June,Friday,6
891,2024-06-14T00:00:00.000,Food,Dining Out,30,,2024,6,14,June,Friday,6
892,2024-06-14T00:00:00.000,Food,Smoking,85,,2024,6,14,June,Friday,6
893,2024-06-15T00:00:00.000,Entertainment,Cinema,30,iptv,2024,6,15,June,Saturday,6
894,2024-06-15T00:00:00.000,Food,Coffee,25,,2024,6,15,June,Saturday,6
895,2024-06-15T00:00:00.000,Transportation,Fuel,200,,2024,6,15,June,Saturday,6
896,2024-06-16T00:00:00.000,Food,Smoking,90,,2024,6,16,June,Sunday,6
897,2024-06-17T00:00:00.000,Food,Coffee,30,,2024,6,17,June,Monday,6
898,2024-06-17T00:00:00.000,Food,Groceries,100,,2024,6,17,June,Monday,6
899,2024-06-17T00:00:00.000,Food,Smoking,44,,2024,6,17,June,Monday,6
900,2024-06-17T00:00:00.000,Food,Groceries,30,,2024,6,17,June,Monday,6
901,2024-06-18T00:00:00.000,Food,Groceries,75,,2024,6,18,June,Tuesday,6
902,2024-06-18T00:00:00.000,Food,Groceries,100,,2024,6,18,June,Tuesday,6
903,2024-06-18T00:00:00.000,Food,Smoking,80,,2024,6,18,June,Tuesday,6
904,2024-06-19T00:00:00.000,Food,Dining Out,60,,2024,6,19,June,Wednesday,6
905,2024-06-19T00:00:00.000,Bills,Internet,350,,2024,6,19,June,Wednesday,6
906,2024-06-19T00:00:00.000,Food,Groceries,90,,2024,6,19,June,Wednesday,6
907,2024-06-20T00:00:00.000,Transportation,Parking,10,,2024,6,20,June,Thursday,6
908,2024-06-20T00:00:00.000,Food,Coffee,40,,2024,6,20,June,Thursday,6
909,2024-06-21T00:00:00.000,Food,Smoking,105,,2024,6,21,June,Friday,6
910,2024-06-21T00:00:00.000,Food,Groceries,120,,2024,6,21,June,Friday,6
911,2024-06-22T00:00:00.000,Food,Coffee,10,,2024,6,22,June,Saturday,6
912,2024-06-22T00:00:00.000,Entertainment,Others,100,LSD needs,2024,6,22,June,Saturday,6
913,2024-06-23T00:00:00.000,Food,Dining Out,65,,2024,6,23,June,Sunday,6
914,2024-06-24T00:00:00.000,Food,Groceries,90,,2024,6,24,June,Monday,6
915,2024-06-24T00:00:00.000,Food,Smoking,35,,2024,6,24,June,Monday,6
916,2024-06-25T00:00:00.000,Food,Dining Out,70,,2024,6,25,June,Tuesday,6
917,2024-06-25T00:00:00.000,Food,Coffee,10,,2024,6,25,June,Tuesday,6
918,2024-06-25T00:00:00.000,Food,Smoking,90,,2024,6,25,June,Tuesday,6
919,2024-06-25T00:00:00.000,Bills,Internet,340,,2024,6,25,June,Tuesday,6
920,2024-06-26T00:00:00.000,Food,Smoking,80,,2024,6,26,June,Wednesday,6
921,2024-06-27T00:00:00.000,Food,Groceries,100,,2024,6,27,June,Thursday,6
922,2024-06-27T00:00:00.000,Food,Coffee,20,,2024,6,27,June,Thursday,6
923,2024-06-29T00:00:00.000,Food,Smoking,90,,2024,6,29,June,Saturday,6
924,2024-06-29T00:00:00.000,Food,Dining Out,80,,2024,6,29,June,Saturday,6
925,2024-06-29T00:00:00.000,Food,Dining Out,165,,2024,6,29,June,Saturday,6
926,2024-06-30T00:00:00.000,Entertainment,Spotify Or/and Similar,35,,2024,6,30,June,Sunday,6
927,2024-06-30T00:00:00.000,Food,Groceries,50,,2024,6,30,June,Sunday,6
928,2024-06-30T00:00:00.000,Food,Smoking,100,,2024,6,30,June,Sunday,6
929,2024-06-30T00:00:00.000,Food,Dining Out,133,,2024,6,30,June,Sunday,6
930,2024-06-30T00:00:00.000,Food,Dining Out,75,,2024,6,30,June,Sunday,6
931,2024-07-01T00:00:00.000,Income,Others,463,,2024,7,1,July,Monday,7
932,2024-07-01T00:00:00.000,Debt Payments,Others,7420,Deficit Juin,2024,7,1,July,Monday,7
933,2024-07-01T00:00:00.000,Income,Salary,20245,,2024,7,1,July,Monday,7
934,2024-07-01T00:00:00.000,Bills,Internet,200,,2024,7,1,July,Monday,7
935,2024-07-01T00:00:00.000,Bills,Water & Sewer,160,,2024,7,1,July,Monday,7
936,2024-07-01T00:00:00.000,Bills,Electricity,160,,2024,7,1,July,Monday,7
937,2024-07-01T00:00:00.000,Food,Groceries,83,,2024,7,1,July,Monday,7
938,2024-07-01T00:00:00.000,Bills,Others,190,,2024,7,1,July,Monday,7
939,2024-07-01T00:00:00.000,Savings,Travel,940,Croatia 24 - Vol Budapest,2024,7,1,July,Monday,7
940,2024-07-01T00:00:00.000,Debt Payments,Others,100,Agios Decouvert,2024,7,1,July,Monday,7
941,2024-07-01T00:00:00.000,Bills,Others,50,,2024,7,1,July,Monday,7
942,2024-07-02T00:00:00.000,Savings,Travel,232,Croatia 24 - Hotel Budapest,2024,7,2,July,Tuesday,7
943,2024-07-02T00:00:00.000,Housing,Cleaning Routine,410,,2024,7,2,July,Tuesday,7
944,2024-07-02T00:00:00.000,Food,Smoking,70,,2024,7,2,July,Tuesday,7
945,2024-07-02T00:00:00.000,Food,Groceries,195,,2024,7,2,July,Tuesday,7
946,2024-07-02T00:00:00.000,Savings,Travel,740,Croatia 24 - Hotel Budapest Total,2024,7,2,July,Tuesday,7
947,2024-07-02T00:00:00.000,Food,Drinks,190,,2024,7,2,July,Tuesday,7
948,2024-07-02T00:00:00.000,Transportation,Fuel,100,,2024,7,2,July,Tuesday,7
949,2024-07-02T00:00:00.000,Food,Coffee,38,,2024,7,2,July,Tuesday,7
950,2024-07-02T00:00:00.000,Food,Coffee,16,,2024,7,2,July,Tuesday,7
951,2024-07-02T00:00:00.000,Bills,Others,25,Bank fees,2024,7,2,July,Tuesday,7
952,2024-07-02T00:00:00.000,Bills,Others,77,Frais de tenue compte SG,2024,7,2,July,Tuesday,7
953,2024-07-03T00:00:00.000,Housing,Cleaning Routine,120,,2024,7,3,July,Wednesday,7
954,2024-07-03T00:00:00.000,Food,Dining Out,90,,2024,7,3,July,Wednesday,7
955,2024-07-03T00:00:00.000,Food,Smoking,40,,2024,7,3,July,Wednesday,7
956,2024-07-03T00:00:00.000,Transportation,Parking,7,,2024,7,3,July,Wednesday,7
957,2024-07-03T00:00:00.000,Food,Groceries,20,,2024,7,3,July,Wednesday,7
958,2024-07-03T00:00:00.000,Food,Coffee,16,,2024,7,3,July,Wednesday,7
959,2024-07-04T00:00:00.000,Debt Payments,House Mortgage,5050,,2024,7,4,July,Thursday,7
960,2024-07-05T00:00:00.000,Debt Payments,Car Debt,3550,,2024,7,5,July,Friday,7
961,2024-07-05T00:00:00.000,Entertainment,Specials,980,,2024,7,5,July,Friday,7
962,2024-07-05T00:00:00.000,Food,Dining Out,70,,2024,7,5,July,Friday,7
963,2024-07-05T00:00:00.000,Entertainment,Specials,130,,2024,7,5,July,Friday,7
964,2024-07-05T00:00:00.000,Food,Smoking,100,,2024,7,5,July,Friday,7
965,2024-07-05T00:00:00.000,Food,Groceries,40,,2024,7,5,July,Friday,7
966,2024-07-06T00:00:00.000,Food,Smoking,35,,2024,7,6,July,Saturday,7
967,2024-07-06T00:00:00.000,Food,Coffee,25,,2024,7,6,July,Saturday,7
968,2024-07-06T00:00:00.000,Food,Dining Out,10,,2024,7,6,July,Saturday,7
969,2024-07-06T00:00:00.000,Transportation,Parking,19,,2024,7,6,July,Saturday,7
970,2024-07-06T00:00:00.000,Transportation,Bus/train Rides,10,,2024,7,6,July,Saturday,7
971,2024-07-07T00:00:00.000,Transportation,Fuel,200,,2024,7,7,July,Sunday,7
972,2024-07-07T00:00:00.000,Transportation,Bus/train Rides,15,,2024,7,7,July,Sunday,7
973,2024-07-07T00:00:00.000,Food,Dining Out,60,,2024,7,7,July,Sunday,7
974,2024-07-07T00:00:00.000,Food,Smoking,88,,2024,7,7,July,Sunday,7
975,2024-07-08T00:00:00.000,Food,Dining Out,60,,2024,7,8,July,Monday,7
976,2024-07-08T00:00:00.000,Food,Dining Out,80,,2024,7,8,July,Monday,7
977,2024-07-08T00:00:00.000,Food,Smoking,90,,2024,7,8,July,Monday,7
978,2024-07-08T00:00:00.000,Bills,Others,40,,2024,7,8,July,Monday,7
979,2024-07-08T00:00:00.000,Transportation,Maintenance,30,,2024,7,8,July,Monday,7
980,2024-07-08T00:00:00.000,Savings,Travel,110,Croatia 24 - Hotel Split,2024,7,8,July,Monday,7
981,2024-07-08T00:00:00.000,Savings,Travel,550,Croatia 24 - Transport Zagreb,2024,7,8,July,Monday,7
982,2024-07-09T00:00:00.000,Food,Smoking,80,,2024,7,9,July,Tuesday,7
983,2024-07-09T00:00:00.000,Food,Groceries,60,,2024,7,9,July,Tuesday,7
984,2024-07-10T00:00:00.000,Transportation,Parking,50,,2024,7,10,July,Wednesday,7
985,2024-07-10T00:00:00.000,Transportation,Bus/train Rides,10,,2024,7,10,July,Wednesday,7
986,2024-07-10T00:00:00.000,Food,Coffee,30,,2024,7,10,July,Wednesday,7
987,2024-07-10T00:00:00.000,Food,Dining Out,100,,2024,7,10,July,Wednesday,7
988,2024-07-11T00:00:00.000,Transportation,Parking,17,,2024,7,11,July,Thursday,7
989,2024-07-11T00:00:00.000,Transportation,Bus/train Rides,10,,2024,7,11,July,Thursday,7
990,2024-07-11T00:00:00.000,Food,Smoking,80,,2024,7,11,July,Thursday,7
991,2024-07-11T00:00:00.000,Food,Groceries,40,,2024,7,11,July,Thursday,7
992,2024-07-11T00:00:00.000,Food,Dining Out,15,,2024,7,11,July,Thursday,7
993,2024-07-11T00:00:00.000,Food,Coffee,20,,2024,7,11,July,Thursday,7
994,2024-07-12T00:00:00.000,Food,Groceries,100,,2024,7,12,July,Friday,7
995,2024-07-13T00:00:00.000,Food,Coffee,10,,2024,7,13,July,Saturday,7
996,2024-07-13T00:00:00.000,Food,Drinks,90,,2024,7,13,July,Saturday,7
997,2024-07-13T00:00:00.000,Food,Smoking,90,,2024,7,13,July,Saturday,7
998,2024-07-13T00:00:00.000,Food,Dining Out,80,,2024,7,13,July,Saturday,7
999,2024-07-13T00:00:00.000,Food,Dining Out,110,,2024,7,13,July,Saturday,7
1000,2024-07-13T00:00:00.000,Food,Smoking,50,,2024,7,13,July,Saturday,7
1001,2024-07-13T00:00:00.000,Entertainment,Others,10,Photocopie,2024,7,13,July,Saturday,7
1002,2024-07-14T00:00:00.000,Food,Coffee,30,,2024,7,14,July,Sunday,7
1003,2024-07-14T00:00:00.000,Transportation,Fuel,100,,2024,7,14,July,Sunday,7
1004,2024-07-15T00:00:00.000,Food,Dining Out,60,,2024,7,15,July,Monday,7
1005,2024-07-15T00:00:00.000,Food,Smoking,80,,2024,7,15,July,Monday,7
1006,2024-07-16T00:00:00.000,Food,Dining Out,150,,2024,7,16,July,Tuesday,7
1007,2024-07-17T00:00:00.000,Food,Dining Out,160,,2024,7,17,July,Wednesday,7
1008,2024-07-17T00:00:00.000,Food,Smoking,90,,2024,7,17,July,Wednesday,7
1009,2024-07-18T00:00:00.000,Food,Dining Out,90,,2024,7,18,July,Thursday,7
1010,2024-07-18T00:00:00.000,Food,Coffee,30,,2024,7,18,July,Thursday,7
1011,2024-07-18T00:00:00.000,Transportation,Parking,7,,2024,7,18,July,Thursday,7
1012,2024-07-19T00:00:00.000,Transportation,Parking,17,,2024,7,19,July,Friday,7
1013,2024-07-19T00:00:00.000,Transportation,Bus/train Rides,10,,2024,7,19,July,Friday,7
1014,2024-07-19T00:00:00.000,Food,Dining Out,92,,2024,7,19,July,Friday,7
1015,2024-07-19T00:00:00.000,Food,Dining Out,123,,2024,7,19,July,Friday,7
1016,2024-07-19T00:00:00.000,Food,Coffee,20,,2024,7,19,July,Friday,7
1017,2024-07-19T00:00:00.000,Food,Smoking,90,,2024,7,19,July,Friday,7
1018,2024-07-20T00:00:00.000,Food,Groceries,126,,2024,7,20,July,Saturday,7
1019,2024-07-20T00:00:00.000,Food,Drinks,450,,2024,7,20,July,Saturday,7
1020,2024-07-21T00:00:00.000,Transportation,Fuel,200,,2024,7,21,July,Sunday,7
1021,2024-07-21T00:00:00.000,Transportation,Bus/train Rides,25,,2024,7,21,July,Sunday,7
1022,2024-07-21T00:00:00.000,Food,Smoking,40,,2024,7,21,July,Sunday,7
1023,2024-07-21T00:00:00.000,Food,Smoking,80,,2024,7,21,July,Sunday,7
1024,2024-07-21T00:00:00.000,Bills,Others,50,,2024,7,21,July,Sunday,7
1025,2024-07-21T00:00:00.000,Transportation,Maintenance,15,,2024,7,21,July,Sunday,7
1026,2024-07-22T00:00:00.000,Food,Groceries,80,,2024,7,22,July,Monday,7
1027,2024-07-22T00:00:00.000,Food,Smoking,50,,2024,7,22,July,Monday,7
1028,2024-07-23T00:00:00.000,Food,Smoking,90,,2024,7,23,July,Tuesday,7
1029,2024-07-24T00:00:00.000,Food,Coffee,11,,2024,7,24,July,Wednesday,7
1030,2024-07-24T00:00:00.000,Food,Coffee,7,,2024,7,24,July,Wednesday,7
1031,2024-07-24T00:00:00.000,Food,Dining Out,13,,2024,7,24,July,Wednesday,7
1032,2024-07-24T00:00:00.000,Transportation,Parking,7,,2024,7,24,July,Wednesday,7
1033,2024-07-24T00:00:00.000,Food,Smoking,140,,2024,7,24,July,Wednesday,7
1034,2024-07-24T00:00:00.000,Food,Drinks,170,,2024,7,24,July,Wednesday,7
1035,2024-07-24T00:00:00.000,Food,Dining Out,85,,2024,7,24,July,Wednesday,7
1036,2024-07-25T00:00:00.000,Food,Coffee,7,,2024,7,25,July,Thursday,7
1037,2024-07-25T00:00:00.000,Debt Payments,Friends & Family,430,Loan Out Hamza,2024,7,25,July,Thursday,7
1038,2024-07-25T00:00:00.000,Income,Others,19740,Conso Debt ,2024,7,25,July,Thursday,7
1039,2024-07-25T00:00:00.000,Activities,Hash,700,Hash,2024,7,25,July,Thursday,7
1040,2024-07-25T00:00:00.000,Bills,Electricity,240,,2024,7,25,July,Thursday,7
1041,2024-07-25T00:00:00.000,Bills,Mobile,400,,2024,7,25,July,Thursday,7
1042,2024-07-25T00:00:00.000,Food,Groceries,16,,2024,7,25,July,Thursday,7
1043,2024-07-25T00:00:00.000,Bills,Internet,350,,2024,7,25,July,Thursday,7
1044,2024-07-26T00:00:00.000,Savings,Travel,500,Transport Dubrovenik,2024,7,26,July,Friday,7
1045,2024-07-26T00:00:00.000,Food,Coffee,23,,2024,7,26,July,Friday,7
1046,2024-07-26T00:00:00.000,Transportation,Bus/train Rides,10,,2024,7,26,July,Friday,7
1047,2024-07-26T00:00:00.000,Food,Dining Out,150,,2024,7,26,July,Friday,7
1048,2024-07-26T00:00:00.000,Transportation,Parking,7,,2024,7,26,July,Friday,7
1049,2024-07-27T00:00:00.000,Food,Coffee,6,,2024,7,27,July,Saturday,7
1050,2024-07-27T00:00:00.000,Savings,Travel,166,Réservation Split 1,2024,7,27,July,Saturday,7
1051,2024-07-27T00:00:00.000,Savings,Travel,500,Transport Split,2024,7,27,July,Saturday,7
1052,2024-07-27T00:00:00.000,Personal Care,Barber,35,,2024,7,27,July,Saturday,7
1053,2024-07-27T00:00:00.000,Food,Coffee,12,,2024,7,27,July,Saturday,7
1054,2024-07-27T00:00:00.000,Food,Dining Out,150,Siham,2024,7,27,July,Saturday,7
1055,2024-07-27T00:00:00.000,Food,Smoking,55,,2024,7,27,July,Saturday,7
1056,2024-07-28T00:00:00.000,Food,Smoking,100,,2024,7,28,July,Sunday,7
1057,2024-07-28T00:00:00.000,Food,Groceries,90,,2024,7,28,July,Sunday,7
1058,2024-07-29T00:00:00.000,Entertainment,Cinema,460,LSD,2024,7,29,July,Monday,7
1059,2024-07-29T00:00:00.000,Food,Smoking,100,,2024,7,29,July,Monday,7
1060,2024-07-29T00:00:00.000,Food,Groceries,32,,2024,7,29,July,Monday,7
1061,2024-07-29T00:00:00.000,Food,Dining Out,180,,2024,7,29,July,Monday,7
1062,2024-07-29T00:00:00.000,Savings,Travel,-150,Remboursement,2024,7,29,July,Monday,7
1063,2024-07-30T00:00:00.000,Food,Coffee,11,,2024,7,30,July,Tuesday,7
1064,2024-07-30T00:00:00.000,Food,Dining Out,60,,2024,7,30,July,Tuesday,7
1065,2024-07-30T00:00:00.000,Transportation,Fuel,100,,2024,7,30,July,Tuesday,7
1066,2024-07-31T00:00:00.000,Food,Smoking,90,,2024,7,31,July,Wednesday,7
1067,2024-07-31T00:00:00.000,Food,Groceries,150,,2024,7,31,July,Wednesday,7
1068,2024-07-31T00:00:00.000,Entertainment,Spotify Or/and Similar,40,,2024,7,31,July,Wednesday,7
1069,2024-07-31T00:00:00.000,Savings,Travel,35,change Croatia,2024,7,31,July,Wednesday,7
1070,2024-08-01T00:00:00.000,Food,Dining Out,63,,2024,8,1,August,Thursday,8
1071,2024-08-01T00:00:00.000,Transportation,Parking,7,,2024,8,1,August,Thursday,8
1072,2024-08-01T00:00:00.000,Food,Coffee,50,,2024,8,1,August,Thursday,8
1073,2024-08-01T00:00:00.000,Food,Smoking,45,,2024,8,1,August,Thursday,8
1074,2024-08-01T00:00:00.000,Food,Groceries,25,,2024,8,1,August,Thursday,8
1075,2024-08-01T00:00:00.000,Transportation,Insurance,500,,2024,8,1,August,Thursday,8
1076,2024-08-01T00:00:00.000,Income,Salary,19970,,2024,8,1,August,Thursday,8
1077,2024-08-01T00:00:00.000,Income,Others,8522,,2024,8,1,August,Thursday,8
1078,2024-08-01T00:00:00.000,Savings,Travel,-422,Rembouserment Dubrovnik,2024,8,1,August,Thursday,8
1079,2024-08-01T00:00:00.000,Entertainment,Others,100,Cercle,2024,8,1,August,Thursday,8
1080,2024-08-01T00:00:00.000,Debt Payments,Others,960,,2024,8,1,August,Thursday,8
1081,2024-08-02T00:00:00.000,Food,Dining Out,85,,2024,8,2,August,Friday,8
1082,2024-08-02T00:00:00.000,Food,Smoking,90,,2024,8,2,August,Friday,8
1083,2024-08-02T00:00:00.000,Food,Coffee,20,,2024,8,2,August,Friday,8
1084,2024-08-03T00:00:00.000,Transportation,Fuel,100,,2024,8,3,August,Saturday,8
1085,2024-08-03T00:00:00.000,Transportation,Bus/train Rides,22,,2024,8,3,August,Saturday,8
1086,2024-08-03T00:00:00.000,Transportation,Maintenance,25,,2024,8,3,August,Saturday,8
1087,2024-08-03T00:00:00.000,Food,Smoking,100,,2024,8,3,August,Saturday,8
1088,2024-08-03T00:00:00.000,Food,Groceries,25,,2024,8,3,August,Saturday,8
1089,2024-08-04T00:00:00.000,Food,Dining Out,60,,2024,8,4,August,Sunday,8
1090,2024-08-04T00:00:00.000,Food,Groceries,80,,2024,8,4,August,Sunday,8
1091,2024-08-05T00:00:00.000,Food,Coffee,7,,2024,8,5,August,Monday,8
1092,2024-08-05T00:00:00.000,Debt Payments,House Mortgage,5055,,2024,8,5,August,Monday,8
1093,2024-08-05T00:00:00.000,Food,Smoking,90,,2024,8,5,August,Monday,8
1094,2024-08-05T00:00:00.000,Savings,Travel,1200,Sziget,2024,8,5,August,Monday,8
1095,2024-08-05T00:00:00.000,Food,Groceries,130,,2024,8,5,August,Monday,8
1096,2024-08-06T00:00:00.000,Savings,Travel,160,Korenica,2024,8,6,August,Tuesday,8
1097,2024-08-06T00:00:00.000,Bills,Others,20,,2024,8,6,August,Tuesday,8
1098,2024-08-06T00:00:00.000,Debt Payments,Car Debt,3520,,2024,8,6,August,Tuesday,8
1099,2024-08-07T00:00:00.000,Food,Dining Out,55,,2024,8,7,August,Wednesday,8
1100,2024-08-07T00:00:00.000,Food,Coffee,11,,2024,8,7,August,Wednesday,8
1101,2024-08-07T00:00:00.000,Entertainment,Cinema,25,,2024,8,7,August,Wednesday,8
1102,2024-08-07T00:00:00.000,Food,Smoking,45,,2024,8,7,August,Wednesday,8
1103,2024-08-07T00:00:00.000,Food,Groceries,20,,2024,8,7,August,Wednesday,8
1104,2024-08-07T00:00:00.000,Food,Coffee,28,,2024,8,7,August,Wednesday,8
1105,2024-08-07T00:00:00.000,Bills,Others,7,,2024,8,7,August,Wednesday,8
1106,2024-08-07T00:00:00.000,Food,Dining Out,63,,2024,8,7,August,Wednesday,8
1107,2024-08-07T00:00:00.000,Food,Groceries,36,,2024,8,7,August,Wednesday,8
1108,2024-08-08T00:00:00.000,Food,Coffee,35,,2024,8,8,August,Thursday,8
1109,2024-08-08T00:00:00.000,Food,Dining Out,20,,2024,8,8,August,Thursday,8
1110,2024-08-08T00:00:00.000,Entertainment,Cinema,300,,2024,8,8,August,Thursday,8
1111,2024-08-08T00:00:00.000,Transportation,Fuel,100,,2024,8,8,August,Thursday,8
1112,2024-08-08T00:00:00.000,Food,Smoking,82,,2024,8,8,August,Thursday,8
1113,2024-08-08T00:00:00.000,Personal Care,Clothing,120,,2024,8,8,August,Thursday,8
1114,2024-08-08T00:00:00.000,Debt Payments,Others,20,,2024,8,8,August,Thursday,8
1115,2024-08-09T00:00:00.000,Savings,Travel,280,,2024,8,9,August,Friday,8
1116,2024-08-09T00:00:00.000,Personal Care,Others,70,,2024,8,9,August,Friday,8
1117,2024-08-09T00:00:00.000,Personal Care,Clothing,40,,2024,8,9,August,Friday,8
1118,2024-08-09T00:00:00.000,Food,Coffee,50,,2024,8,9,August,Friday,8
1119,2024-08-09T00:00:00.000,Housing,Cleaning Routine,250,,2024,8,9,August,Friday,8
1120,2024-08-10T00:00:00.000,Transportation,Maintenance,50,,2024,8,10,August,Saturday,8
1121,2024-08-10T00:00:00.000,Food,Groceries,20,,2024,8,10,August,Saturday,8
1122,2024-08-25T00:00:00.000,Savings,Travel,18270,,2024,8,25,August,Sunday,8
1123,2024-08-25T00:00:00.000,Debt Payments,Friends & Family,-600,Loan In Hamza,2024,8,25,August,Sunday,8
1124,2024-08-25T00:00:00.000,Bills,Internet,350,,2024,8,25,August,Sunday,8
1125,2024-08-26T00:00:00.000,Debt Payments,Friends & Family,1030,Loan back Basso,2024,8,26,August,Monday,8
1126,2024-08-26T00:00:00.000,Food,Dining Out,120,,2024,8,26,August,Monday,8
1127,2024-08-26T00:00:00.000,Food,Dining Out,90,,2024,8,26,August,Monday,8
1128,2024-08-26T00:00:00.000,Food,Groceries,130,,2024,8,26,August,Monday,8
1129,2024-08-27T00:00:00.000,Food,Dining Out,55,,2024,8,27,August,Tuesday,8
1130,2024-08-27T00:00:00.000,Food,Coffee,10,,2024,8,27,August,Tuesday,8
1131,2024-08-27T00:00:00.000,Bills,Others,30,,2024,8,27,August,Tuesday,8
1132,2024-08-28T00:00:00.000,Personal Care,Barber,30,,2024,8,28,August,Wednesday,8
1133,2024-08-28T00:00:00.000,Food,Coffee,10,,2024,8,28,August,Wednesday,8
1134,2024-08-28T00:00:00.000,Food,Coffee,40,,2024,8,28,August,Wednesday,8
1135,2024-08-28T00:00:00.000,Food,Dining Out,30,,2024,8,28,August,Wednesday,8
1136,2024-08-28T00:00:00.000,Food,Dining Out,60,,2024,8,28,August,Wednesday,8
1137,2024-08-28T00:00:00.000,Food,Smoking,100,,2024,8,28,August,Wednesday,8
1138,2024-08-28T00:00:00.000,Debt Payments,Friends & Family,170,Hamza Out,2024,8,28,August,Wednesday,8
1139,2024-08-28T00:00:00.000,Bills,Mobile,290,,2024,8,28,August,Wednesday,8
1140,2024-08-29T00:00:00.000,Food,Groceries,160,,2024,8,29,August,Thursday,8
1141,2024-08-29T00:00:00.000,Food,Dining Out,160,,2024,8,29,August,Thursday,8
1142,2024-08-29T00:00:00.000,Food,Dining Out,60,,2024,8,29,August,Thursday,8
1143,2024-08-29T00:00:00.000,Entertainment,Specials,150,,2024,8,29,August,Thursday,8
1144,2024-08-30T00:00:00.000,Transportation,Parking,10,,2024,8,30,August,Friday,8
1145,2024-08-30T00:00:00.000,Entertainment,Specials,550,,2024,8,30,August,Friday,8
1146,2024-08-30T00:00:00.000,Food,Groceries,100,,2024,8,30,August,Friday,8
1147,2024-08-30T00:00:00.000,Entertainment,Cinema,150,Info,2024,8,30,August,Friday,8
1148,2024-08-30T00:00:00.000,Debt Payments,Friends & Family,500,Hamza Out,2024,8,30,August,Friday,8
1149,2024-08-30T00:00:00.000,Entertainment,Spotify Or/and Similar,50,,2024,8,30,August,Friday,8
1150,2024-08-30T00:00:00.000,Income,Salary,19700,,2024,8,30,August,Friday,8
1151,2024-08-30T00:00:00.000,Transportation,Others,50,Autoroute,2024,8,30,August,Friday,8
1152,2024-08-30T00:00:00.000,Transportation,Fuel,100,,2024,8,30,August,Friday,8
1153,2024-08-30T00:00:00.000,Food,Coffee,100,,2024,8,30,August,Friday,8
1154,2024-08-30T00:00:00.000,Food,Coffee,20,,2024,8,30,August,Friday,8
1155,2024-08-30T00:00:00.000,Food,Dining Out,80,,2024,8,30,August,Friday,8
1156,2024-08-30T00:00:00.000,Food,Dining Out,70,Allo Food - Pasticcio - bad deal,2024,8,30,August,Friday,8
1157,2024-08-30T00:00:00.000,Food,Smoking,50,,2024,8,30,August,Friday,8
1158,2024-09-01T00:00:00.000,Food,Coffee,10,,2024,9,1,September,Sunday,9
1159,2024-09-01T00:00:00.000,Transportation,Fuel,200,,2024,9,1,September,Sunday,9
1160,2024-09-01T00:00:00.000,Income,Salary,11500,,2024,9,1,September,Sunday,9
1161,2024-09-01T00:00:00.000,Entertainment,Specials,230,,2024,9,1,September,Sunday,9
1162,2024-09-01T00:00:00.000,Transportation,Licensing,1500,,2024,9,1,September,Sunday,9
1163,2024-09-01T00:00:00.000,Debt Payments,House Mortgage,5060,,2024,9,1,September,Sunday,9
1164,2024-09-01T00:00:00.000,Debt Payments,Car Debt,3550,,2024,9,1,September,Sunday,9
1165,2024-09-01T00:00:00.000,Debt Payments,Others,1000,Croatia - Pay back,2024,9,1,September,Sunday,9
1166,2024-09-02T00:00:00.000,Food,Smoking,80,,2024,9,2,September,Monday,9
1167,2024-09-02T00:00:00.000,Food,Groceries,52,,2024,9,2,September,Monday,9
1168,2024-09-02T00:00:00.000,Food,Dining Out,70,,2024,9,2,September,Monday,9
1169,2024-09-03T00:00:00.000,Food,Dining Out,60,,2024,9,3,September,Tuesday,9
1170,2024-09-03T00:00:00.000,Food,Coffee,10,,2024,9,3,September,Tuesday,9
1171,2024-09-03T00:00:00.000,Savings,Future,800,,2024,9,3,September,Tuesday,9
1172,2024-09-03T00:00:00.000,Entertainment,Specials,130,,2024,9,3,September,Tuesday,9
1173,2024-09-03T00:00:00.000,Food,Dining Out,106,,2024,9,3,September,Tuesday,9
1174,2024-09-04T00:00:00.000,Food,Coffee,30,,2024,9,4,September,Wednesday,9
1175,2024-09-04T00:00:00.000,Transportation,Parking,10,,2024,9,4,September,Wednesday,9
1176,2024-09-04T00:00:00.000,Food,Dining Out,35,,2024,9,4,September,Wednesday,9
1177,2024-09-04T00:00:00.000,Food,Smoking,50,,2024,9,4,September,Wednesday,9
1178,2024-09-05T00:00:00.000,Food,Dining Out,70,,2024,9,5,September,Thursday,9
1179,2024-09-05T00:00:00.000,Activities,Hash,700,,2024,9,5,September,Thursday,9
1180,2024-09-05T00:00:00.000,Food,Smoking,130,,2024,9,5,September,Thursday,9
1181,2024-09-05T00:00:00.000,Transportation,Parking,7,,2024,9,5,September,Thursday,9
1182,2024-09-05T00:00:00.000,Food,Dining Out,80,,2024,9,5,September,Thursday,9
1183,2024-09-06T00:00:00.000,Food,Groceries,100,,2024,9,6,September,Friday,9
1184,2024-09-07T00:00:00.000,Food,Drinks,400,,2024,9,7,September,Saturday,9
1185,2024-09-08T00:00:00.000,Food,Groceries,140,,2024,9,8,September,Sunday,9
1186,2024-09-08T00:00:00.000,Food,Dining Out,105,,2024,9,8,September,Sunday,9
1187,2024-09-08T00:00:00.000,Food,Smoking,45,,2024,9,8,September,Sunday,9
1188,2024-09-08T00:00:00.000,Food,Groceries,5,,2024,9,8,September,Sunday,9
1189,2024-09-10T00:00:00.000,Food,Smoking,160,,2024,9,10,September,Tuesday,9
1190,2024-09-10T00:00:00.000,Food,Groceries,68,,2024,9,10,September,Tuesday,9
1191,2024-09-10T00:00:00.000,Food,Groceries,50,,2024,9,10,September,Tuesday,9
1192,2024-09-10T00:00:00.000,Personal Care,Dry Cleaning,30,,2024,9,10,September,Tuesday,9
1194,2024-09-11T00:00:00.000,Food,Coffee,8,,2024,9,11,September,Wednesday,9
1195,2024-09-11T00:00:00.000,Transportation,Parking,15,,2024,9,11,September,Wednesday,9
1196,2024-09-11T00:00:00.000,Transportation,Bus/train Rides,10,,2024,9,11,September,Wednesday,9
1197,2024-09-11T00:00:00.000,Food,Dining Out,80,,2024,9,11,September,Wednesday,9
1198,2024-09-11T00:00:00.000,Food,Smoking,35,,2024,9,11,September,Wednesday,9
1193,2024-09-11T00:00:00.000,Food,Coffee,11,,2024,9,11,September,Wednesday,9
1199,2024-09-12T00:00:00.000,Food,Dining Out,60,,2024,9,12,September,Thursday,9
1200,2024-09-13T00:00:00.000,Food,Coffee,10,,2024,9,13,September,Friday,9
1201,2024-09-13T00:00:00.000,Food,Coffee,11,,2024,9,13,September,Friday,9
1202,2024-09-13T00:00:00.000,Transportation,Parking,7,,2024,9,13,September,Friday,9
1203,2024-09-13T00:00:00.000,Food,Dining Out,35,,2024,9,13,September,Friday,9
1204,2024-09-14T00:00:00.000,Personal Care,Medical,1200,,2024,9,14,September,Saturday,9
1205,2024-09-14T00:00:00.000,Food,Dining Out,170,,2024,9,14,September,Saturday,9
1206,2024-09-14T00:00:00.000,Food,Groceries,200,,2024,9,14,September,Saturday,9
1207,2024-09-14T00:00:00.000,Food,Coffee,20,,2024,9,14,September,Saturday,9
1208,2024-09-15T00:00:00.000,Food,Groceries,200,,2024,9,15,September,Sunday,9
1209,2024-09-15T00:00:00.000,Income,Others,200,Vente Machine à laver,2024,9,15,September,Sunday,9
1210,2024-09-15T00:00:00.000,Food,Dining Out,100,,2024,9,15,September,Sunday,9
1211,2024-09-16T00:00:00.000,Transportation,Maintenance,5,,2024,9,16,September,Monday,9
1212,2024-09-16T00:00:00.000,Food,Dining Out,100,,2024,9,16,September,Monday,9
1213,2024-09-16T00:00:00.000,Food,Dining Out,80,,2024,9,16,September,Monday,9
1214,2024-09-16T00:00:00.000,Food,Coffee,20,,2024,9,16,September,Monday,9
1215,2024-09-16T00:00:00.000,Food,Smoking,50,,2024,9,16,September,Monday,9
1216,2024-09-16T00:00:00.000,Food,Smoking,35,,2024,9,16,September,Monday,9
1217,2024-09-17T00:00:00.000,Food,Dining Out,80,,2024,9,17,September,Tuesday,9
1218,2024-09-18T00:00:00.000,Food,Smoking,80,,2024,9,18,September,Wednesday,9
1219,2024-09-18T00:00:00.000,Food,Groceries,150,,2024,9,18,September,Wednesday,9
1220,2024-09-18T00:00:00.000,Food,Coffee,20,,2024,9,18,September,Wednesday,9
1221,2024-09-19T00:00:00.000,Food,Groceries,12,,2024,9,19,September,Thursday,9
1222,2024-09-19T00:00:00.000,Food,Smoking,80,,2024,9,19,September,Thursday,9
1223,2024-09-19T00:00:00.000,Food,Dining Out,120,,2024,9,19,September,Thursday,9
1224,2024-09-20T00:00:00.000,Transportation,Parking,7,,2024,9,20,September,Friday,9
1225,2024-09-20T00:00:00.000,Food,Groceries,10,,2024,9,20,September,Friday,9
1226,2024-09-20T00:00:00.000,Food,Coffee,46,,2024,9,20,September,Friday,9
1227,2024-09-20T00:00:00.000,Food,Dining Out,210,,2024,9,20,September,Friday,9
1228,2024-09-20T00:00:00.000,Entertainment,Others,200,Chatgpt-Investment,2024,9,20,September,Friday,9
1229,2024-09-21T00:00:00.000,Food,Groceries,120,,2024,9,21,September,Saturday,9
1230,2024-09-21T00:00:00.000,Food,Dining Out,110,,2024,9,21,September,Saturday,9
1231,2024-09-21T00:00:00.000,Food,Dining Out,60,,2024,9,21,September,Saturday,9
1232,2024-09-21T00:00:00.000,Food,Smoking,100,,2024,9,21,September,Saturday,9
1233,2024-09-22T00:00:00.000,Food,Smoking,80,,2024,9,22,September,Sunday,9
1234,2024-09-23T00:00:00.000,Food,Smoking,90,,2024,9,23,September,Monday,9
1235,2024-09-23T00:00:00.000,Food,Groceries,100,,2024,9,23,September,Monday,9
1236,2024-09-23T00:00:00.000,Food,Groceries,20,,2024,9,23,September,Monday,9
1237,2024-09-23T00:00:00.000,Food,Coffee,20,,2024,9,23,September,Monday,9
1238,2024-09-24T00:00:00.000,Housing,Cleaning Routine,270,,2024,9,24,September,Tuesday,9
1239,2024-09-24T00:00:00.000,Bills,Internet,350,,2024,9,24,September,Tuesday,9
1240,2024-09-24T00:00:00.000,Food,Dining Out,140,,2024,9,24,September,Tuesday,9
1241,2024-09-24T00:00:00.000,Food,Groceries,40,,2024,9,24,September,Tuesday,9
1242,2024-09-25T00:00:00.000,Food,Smoking,100,,2024,9,25,September,Wednesday,9
1243,2024-09-25T00:00:00.000,Transportation,Parking,15,,2024,9,25,September,Wednesday,9
1244,2024-09-25T00:00:00.000,Transportation,Bus/train Rides,10,,2024,9,25,September,Wednesday,9
1245,2024-09-25T00:00:00.000,Food,Coffee,40,,2024,9,25,September,Wednesday,9
1246,2024-09-25T00:00:00.000,Food,Dining Out,100,,2024,9,25,September,Wednesday,9
1247,2024-09-26T00:00:00.000,Food,Dining Out,100,,2024,9,26,September,Thursday,9
1248,2024-09-27T00:00:00.000,Food,Coffee,40,,2024,9,27,September,Friday,9
1249,2024-09-27T00:00:00.000,Food,Dining Out,85,,2024,9,27,September,Friday,9
1250,2024-09-27T00:00:00.000,Bills,Others,6,Fees,2024,9,27,September,Friday,9
1251,2024-09-27T00:00:00.000,Food,Coffee,30,,2024,9,27,September,Friday,9
1252,2024-09-27T00:00:00.000,Food,Smoking,50,,2024,9,27,September,Friday,9
1253,2024-09-27T00:00:00.000,Food,Groceries,50,,2024,9,27,September,Friday,9
1254,2024-09-28T00:00:00.000,Food,Groceries,105,,2024,9,28,September,Saturday,9
1255,2024-09-28T00:00:00.000,Food,Smoking,100,,2024,9,28,September,Saturday,9
1256,2024-09-28T00:00:00.000,Bills,Internet,170,,2024,9,28,September,Saturday,9
1257,2024-09-28T00:00:00.000,Food,Dining Out,100,,2024,9,28,September,Saturday,9
1258,2024-09-28T00:00:00.000,Bills,Water & Sewer,200,,2024,9,28,September,Saturday,9
1259,2024-09-29T00:00:00.000,Food,Dining Out,130,,2024,9,29,September,Sunday,9
1260,2024-09-30T00:00:00.000,Food,Smoking,70,,2024,9,30,September,Monday,9
1261,2024-09-30T00:00:00.000,Food,Dining Out,10,,2024,9,30,September,Monday,9
1262,2024-09-30T00:00:00.000,Food,Groceries,20,,2024,9,30,September,Monday,9
1263,2024-10-01T00:00:00.000,Income,Salary,19990,,2024,10,1,October,Tuesday,10
1264,2024-10-01T00:00:00.000,Debt Payments,Others,10000,,2024,10,1,October,Tuesday,10
1265,2024-10-01T00:00:00.000,Food,Groceries,185,,2024,10,1,October,Tuesday,10
1266,2024-10-01T00:00:00.000,Food,Dining Out,110,,2024,10,1,October,Tuesday,10
1267,2024-10-01T00:00:00.000,Food,Dining Out,80,,2024,10,1,October,Tuesday,10
1268,2024-10-01T00:00:00.000,Food,Smoking,70,,2024,10,1,October,Tuesday,10
1269,2024-10-01T00:00:00.000,Food,Coffee,20,,2024,10,1,October,Tuesday,10
1270,2024-10-02T00:00:00.000,Food,Coffee,11,,2024,10,2,October,Wednesday,10
1271,2024-10-02T00:00:00.000,Transportation,Parking,11,,2024,10,2,October,Wednesday,10
1272,2024-10-02T00:00:00.000,Transportation,Bus/train Rides,10,,2024,10,2,October,Wednesday,10
1273,2024-10-02T00:00:00.000,Food,Coffee,6,,2024,10,2,October,Wednesday,10
1274,2024-10-02T00:00:00.000,Food,Dining Out,68,,2024,10,2,October,Wednesday,10
1275,2024-10-02T00:00:00.000,Food,Smoking,90,,2024,10,2,October,Wednesday,10
1276,2024-10-02T00:00:00.000,Transportation,Bus/train Rides,20,,2024,10,2,October,Wednesday,10
1277,2024-10-02T00:00:00.000,Food,Dining Out,80,,2024,10,2,October,Wednesday,10
1278,2024-10-03T00:00:00.000,Activities,Hash,700,,2024,10,3,October,Thursday,10
1279,2024-10-03T00:00:00.000,Food,Coffee,11,,2024,10,3,October,Thursday,10
1280,2024-10-03T00:00:00.000,Debt Payments,Others,960,Croatia -24,2024,10,3,October,Thursday,10
1281,2024-10-03T00:00:00.000,Transportation,Insurance,930,,2024,10,3,October,Thursday,10
1282,2024-10-03T00:00:00.000,Food,Dining Out,80,,2024,10,3,October,Thursday,10
1283,2024-10-03T00:00:00.000,Debt Payments,House Mortgage,5060,,2024,10,3,October,Thursday,10
1284,2024-10-03T00:00:00.000,Debt Payments,Car Debt,3520,,2024,10,3,October,Thursday,10
1285,2024-10-04T00:00:00.000,Food,Coffee,18,,2024,10,4,October,Friday,10
1286,2024-10-04T00:00:00.000,Transportation,Parking,16,,2024,10,4,October,Friday,10
1287,2024-10-04T00:00:00.000,Transportation,Bus/train Rides,20,,2024,10,4,October,Friday,10
1288,2024-10-04T00:00:00.000,Food,Smoking,19,,2024,10,4,October,Friday,10
1289,2024-10-04T00:00:00.000,Food,Dining Out,65,,2024,10,4,October,Friday,10
1290,2024-10-04T00:00:00.000,Transportation,Fuel,200,,2024,10,4,October,Friday,10
1291,2024-10-04T00:00:00.000,Food,Drinks,470,,2024,10,4,October,Friday,10
1292,2024-10-04T00:00:00.000,Food,Smoking,120,,2024,10,4,October,Friday,10
1293,2024-10-04T00:00:00.000,Food,Dining Out,200,,2024,10,4,October,Friday,10
1294,2024-10-04T00:00:00.000,Food,Groceries,20,,2024,10,4,October,Friday,10
1295,2024-10-05T00:00:00.000,Food,Coffee,20,,2024,10,5,October,Saturday,10
1296,2024-10-05T00:00:00.000,Food,Groceries,120,,2024,10,5,October,Saturday,10
1297,2024-10-05T00:00:00.000,Food,Dining Out,100,,2024,10,5,October,Saturday,10
1298,2024-10-06T00:00:00.000,Food,Dining Out,70,,2024,10,6,October,Sunday,10
1299,2024-10-06T00:00:00.000,Food,Coffee,10,,2024,10,6,October,Sunday,10
1300,2024-10-06T00:00:00.000,Food,Smoking,85,,2024,10,6,October,Sunday,10
1301,2024-10-06T00:00:00.000,Personal Care,Medical,10,,2024,10,6,October,Sunday,10
1302,2024-10-06T00:00:00.000,Food,Groceries,10,,2024,10,6,October,Sunday,10
1303,2024-10-06T00:00:00.000,Bills,Others,22,,2024,10,6,October,Sunday,10
1304,2024-10-07T00:00:00.000,Food,Dining Out,180,,2024,10,7,October,Monday,10
1305,2024-10-08T00:00:00.000,Food,Dining Out,120,,2024,10,8,October,Tuesday,10
1306,2024-10-08T00:00:00.000,Food,Groceries,55,,2024,10,8,October,Tuesday,10
1307,2024-10-08T00:00:00.000,Food,Groceries,20,,2024,10,8,October,Tuesday,10
1308,2024-10-09T00:00:00.000,Food,Groceries,50,,2024,10,9,October,Wednesday,10
1309,2024-10-09T00:00:00.000,Food,Coffee,20,,2024,10,9,October,Wednesday,10
1310,2024-10-09T00:00:00.000,Food,Dining Out,60,,2024,10,9,October,Wednesday,10
1311,2024-10-09T00:00:00.000,Food,Coffee,40,,2024,10,9,October,Wednesday,10
1312,2024-10-09T00:00:00.000,Food,Dining Out,60,,2024,10,9,October,Wednesday,10
1313,2024-10-09T00:00:00.000,Food,Dining Out,65,,2024,10,9,October,Wednesday,10
1316,2024-10-10T00:00:00.000,Transportation,Parking,16,,2024,10,10,October,Thursday,10
1317,2024-10-10T00:00:00.000,Transportation,Bus/train Rides,35,,2024,10,10,October,Thursday,10
1318,2024-10-10T00:00:00.000,Food,Dining Out,90,,2024,10,10,October,Thursday,10
1319,2024-10-10T00:00:00.000,Food,Smoking,100,,2024,10,10,October,Thursday,10
1315,2024-10-10T00:00:00.000,Bills,Electricity,180,July,2024,10,10,October,Thursday,10
1320,2024-10-10T00:00:00.000,Food,Dining Out,90,,2024,10,10,October,Thursday,10
1321,2024-10-10T00:00:00.000,Personal Care,Medical,-860,,2024,10,10,October,Thursday,10
1314,2024-10-10T00:00:00.000,Debt Payments,Others,300,Loan Out Bilal,2024,10,10,October,Thursday,10
1322,2024-10-11T00:00:00.000,Food,Dining Out,100,,2024,10,11,October,Friday,10
1323,2024-10-11T00:00:00.000,Food,Groceries,105,,2024,10,11,October,Friday,10
1327,2024-10-12T00:00:00.000,Food,Coffee,20,,2024,10,12,October,Saturday,10
1325,2024-10-12T00:00:00.000,Food,Groceries,35,,2024,10,12,October,Saturday,10
1326,2024-10-12T00:00:00.000,Food,Dining Out,60,,2024,10,12,October,Saturday,10
1324,2024-10-12T00:00:00.000,Food,Smoking,120,,2024,10,12,October,Saturday,10
1328,2024-10-13T00:00:00.000,Food,Dining Out,55,,2024,10,13,October,Sunday,10
1329,2024-10-14T00:00:00.000,Food,Dining Out,60,,2024,10,14,October,Monday,10
1330,2024-10-14T00:00:00.000,Food,Dining Out,14,,2024,10,14,October,Monday,10
1331,2024-10-15T00:00:00.000,Food,Dining Out,55,,2024,10,15,October,Tuesday,10
1332,2024-10-15T00:00:00.000,Food,Dining Out,20,,2024,10,15,October,Tuesday,10
1333,2024-10-15T00:00:00.000,Food,Smoking,100,,2024,10,15,October,Tuesday,10
1334,2024-10-15T00:00:00.000,Personal Care,Barber,40,,2024,10,15,October,Tuesday,10
1335,2024-10-16T00:00:00.000,Food,Coffee,40,,2024,10,16,October,Wednesday,10
1336,2024-10-16T00:00:00.000,Transportation,Parking,7,,2024,10,16,October,Wednesday,10
1337,2024-10-16T00:00:00.000,Transportation,Bus/train Rides,70,Restitution,2024,10,16,October,Wednesday,10
1338,2024-10-16T00:00:00.000,Food,Dining Out,35,,2024,10,16,October,Wednesday,10
1339,2024-10-16T00:00:00.000,Food,Dining Out,85,,2024,10,16,October,Wednesday,10
1340,2024-10-16T00:00:00.000,Food,Coffee,10,,2024,10,16,October,Wednesday,10
1341,2024-10-17T00:00:00.000,Transportation,Bus/train Rides,10,,2024,10,17,October,Thursday,10
1342,2024-10-17T00:00:00.000,Transportation,Parking,15,,2024,10,17,October,Thursday,10
1343,2024-10-17T00:00:00.000,Food,Smoking,75,,2024,10,17,October,Thursday,10
1344,2024-10-17T00:00:00.000,Food,Coffee,10,,2024,10,17,October,Thursday,10
1345,2024-10-17T00:00:00.000,Food,Dining Out,10,,2024,10,17,October,Thursday,10
1346,2024-10-18T00:00:00.000,Food,Drinks,200,,2024,10,18,October,Friday,10
1347,2024-10-18T00:00:00.000,Food,Groceries,80,,2024,10,18,October,Friday,10
1348,2024-10-19T00:00:00.000,Food,Groceries,90,,2024,10,19,October,Saturday,10
1349,2024-10-20T00:00:00.000,Food,Dining Out,100,,2024,10,20,October,Sunday,10
1350,2024-10-20T00:00:00.000,Ressources,Computer,100,,2024,10,20,October,Sunday,10
1351,2024-10-20T00:00:00.000,Food,Coffee,20,,2024,10,20,October,Sunday,10
1352,2024-10-21T00:00:00.000,Food,Coffee,7,,2024,10,21,October,Monday,10
1353,2024-10-21T00:00:00.000,Food,Dining Out,85,,2024,10,21,October,Monday,10
1354,2024-10-21T00:00:00.000,Food,Smoking,55,,2024,10,21,October,Monday,10
1355,2024-10-21T00:00:00.000,Bills,Internet,350,,2024,10,21,October,Monday,10
1356,2024-10-21T00:00:00.000,Ressources,Chatgpt,200,,2024,10,21,October,Monday,10
1357,2024-10-22T00:00:00.000,Food,Groceries,80,,2024,10,22,October,Tuesday,10
1358,2024-10-22T00:00:00.000,Food,Smoking,102,,2024,10,22,October,Tuesday,10
1359,2024-10-22T00:00:00.000,Activities,Reading Club,280,,2024,10,22,October,Tuesday,10
1360,2024-10-22T00:00:00.000,Transportation,Fuel,100,,2024,10,22,October,Tuesday,10
1361,2024-10-23T00:00:00.000,Transportation,Parking,15,,2024,10,23,October,Wednesday,10
1362,2024-10-23T00:00:00.000,Transportation,Bus/train Rides,20,,2024,10,23,October,Wednesday,10
1363,2024-10-23T00:00:00.000,Food,Dining Out,20,,2024,10,23,October,Wednesday,10
1364,2024-10-23T00:00:00.000,Food,Coffee,20,,2024,10,23,October,Wednesday,10
1365,2024-10-24T00:00:00.000,Food,Smoking,50,,2024,10,24,October,Thursday,10
1366,2024-10-24T00:00:00.000,Food,Dining Out,25,,2024,10,24,October,Thursday,10
1367,2024-10-24T00:00:00.000,Food,Coffee,7,,2024,10,24,October,Thursday,10
1368,2024-10-24T00:00:00.000,Bills,Others,30,,2024,10,24,October,Thursday,10
1369,2024-10-25T00:00:00.000,Food,Smoking,80,,2024,10,25,October,Friday,10
1370,2024-10-25T00:00:00.000,Food,Coffee,20,,2024,10,25,October,Friday,10
1371,2024-10-25T00:00:00.000,Food,Groceries,30,,2024,10,25,October,Friday,10
1372,2024-10-26T00:00:00.000,Food,Coffee,15,,2024,10,26,October,Saturday,10
1373,2024-10-26T00:00:00.000,Food,Smoking,50,,2024,10,26,October,Saturday,10
1374,2024-10-27T00:00:00.000,Food,Smoking,100,,2024,10,27,October,Sunday,10
1375,2024-10-27T00:00:00.000,Food,Dining Out,115,,2024,10,27,October,Sunday,10
1376,2024-10-28T00:00:00.000,Food,Groceries,90,,2024,10,28,October,Monday,10
1377,2024-10-28T00:00:00.000,Food,Smoking,20,,2024,10,28,October,Monday,10
1378,2024-10-28T00:00:00.000,Bills,Others,30,Fees,2024,10,28,October,Monday,10
1379,2024-10-29T00:00:00.000,Food,Smoking,50,,2024,10,29,October,Tuesday,10
1380,2024-10-29T00:00:00.000,Food,Dining Out,85,,2024,10,29,October,Tuesday,10
1381,2024-10-30T00:00:00.000,Food,Dining Out,30,,2024,10,30,October,Wednesday,10
1382,2024-10-30T00:00:00.000,Food,Dining Out,75,,2024,10,30,October,Wednesday,10
1383,2024-10-30T00:00:00.000,Transportation,Parking,7,,2024,10,30,October,Wednesday,10
1384,2024-10-30T00:00:00.000,Food,Groceries,10,,2024,10,30,October,Wednesday,10
1385,2024-10-30T00:00:00.000,Food,Coffee,8,,2024,10,30,October,Wednesday,10
1386,2024-10-30T00:00:00.000,Bills,Mobile,160,,2024,10,30,October,Wednesday,10
1387,2024-10-30T00:00:00.000,Food,Dining Out,95,,2024,10,30,October,Wednesday,10
1388,2024-10-30T00:00:00.000,Food,Smoking,100,,2024,10,30,October,Wednesday,10
1389,2024-10-30T00:00:00.000,Bills,Bank Fees,20,,2024,10,30,October,Wednesday,10
1390,2024-10-31T00:00:00.000,Food,Groceries,20,,2024,10,31,October,Thursday,10
1391,2024-10-31T00:00:00.000,Food,Dining Out,65,,2024,10,31,October,Thursday,10
1521,2024-11-01T00:00:00.000,Income,Salary,19997,,2024,11,1,November,Friday,11
1393,2024-11-01T00:00:00.000,Income,Loan Back In,450,,2024,11,1,November,Friday,11
1394,2024-11-01T00:00:00.000,Food,Dining Out,140,,2024,11,1,November,Friday,11
1395,2024-11-01T00:00:00.000,Transportation,Parking,10,,2024,11,1,November,Friday,11
1396,2024-11-01T00:00:00.000,Transportation,Bus/train Rides,20,,2024,11,1,November,Friday,11
1397,2024-11-01T00:00:00.000,Food,Coffee,40,,2024,11,1,November,Friday,11
1398,2024-11-01T00:00:00.000,Food,Smoking,100,,2024,11,1,November,Friday,11
1399,2024-11-01T00:00:00.000,Transportation,Fuel,100,,2024,11,1,November,Friday,11
1400,2024-11-01T00:00:00.000,Food,Dining Out,90,,2024,11,1,November,Friday,11
1401,2024-11-01T00:00:00.000,Food,Coffee,35,,2024,11,1,November,Friday,11
1402,2024-11-02T00:00:00.000,Food,Coffee,30,,2024,11,2,November,Saturday,11
1403,2024-11-02T00:00:00.000,Fees,Prlv Axa,75,,2024,11,2,November,Saturday,11
1404,2024-11-02T00:00:00.000,Entertainment,Spotify,45,,2024,11,2,November,Saturday,11
1405,2024-11-02T00:00:00.000,Debt Payments,Others,960,,2024,11,2,November,Saturday,11
1406,2024-11-02T00:00:00.000,Food,Dining Out,100,,2024,11,2,November,Saturday,11
1407,2024-11-03T00:00:00.000,Food,Groceries,120,,2024,11,3,November,Sunday,11
1408,2024-11-03T00:00:00.000,Food,Smoking,100,,2024,11,3,November,Sunday,11
1409,2024-11-04T00:00:00.000,Food,Coffee,14,,2024,11,4,November,Monday,11
1410,2024-11-04T00:00:00.000,Housing,Cleaning Routine,270,,2024,11,4,November,Monday,11
1411,2024-11-04T00:00:00.000,Food,Smoking,35,,2024,11,4,November,Monday,11
1412,2024-11-04T00:00:00.000,Food,Dining Out,80,,2024,11,4,November,Monday,11
1413,2024-11-04T00:00:00.000,Food,Groceries,120,,2024,11,4,November,Monday,11
1414,2024-11-05T00:00:00.000,Debt Payments,House Mortgage,5060,,2024,11,5,November,Tuesday,11
1415,2024-11-05T00:00:00.000,Activities,Hash,700,,2024,11,5,November,Tuesday,11
1416,2024-11-05T00:00:00.000,Food,Coffee,20,,2024,11,5,November,Tuesday,11
1417,2024-11-05T00:00:00.000,Food,Smoking,100,,2024,11,5,November,Tuesday,11
1418,2024-11-05T00:00:00.000,Food,Dining Out,100,,2024,11,5,November,Tuesday,11
1419,2024-11-06T00:00:00.000,Food,Dining Out,60,,2024,11,6,November,Wednesday,11
1420,2024-11-06T00:00:00.000,Food,Coffee,20,,2024,11,6,November,Wednesday,11
1421,2024-11-06T00:00:00.000,Debt Payments,Car Debt,3520,,2024,11,6,November,Wednesday,11
1422,2024-11-06T00:00:00.000,Personal Care,Dry  Clothing,30,,2024,11,6,November,Wednesday,11
1423,2024-11-06T00:00:00.000,Personal Care,Higyene,20,,2024,11,6,November,Wednesday,11
1424,2024-11-07T00:00:00.000,Food,Dining Out,190,,2024,11,7,November,Thursday,11
1425,2024-11-08T00:00:00.000,Transportation,Parking,7,,2024,11,8,November,Friday,11
1426,2024-11-08T00:00:00.000,Food,Coffee,50,,2024,11,8,November,Friday,11
1427,2024-11-08T00:00:00.000,Food,Smoking,100,,2024,11,8,November,Friday,11
1428,2024-11-08T00:00:00.000,Food,Drinks,185,,2024,11,8,November,Friday,11
1429,2024-11-08T00:00:00.000,Food,Dining Out,80,,2024,11,8,November,Friday,11
1432,2024-11-08T00:00:00.000,Personal Care,Dry Clothing,100,,2024,11,8,November,Friday,11
1430,2024-11-08T00:00:00.000,Food,Smoking,40,,2024,11,8,November,Friday,11
1431,2024-11-08T00:00:00.000,Food,Smoking,40,,2024,11,8,November,Friday,11
1434,2024-11-09T00:00:00.000,Food,Coffee,20,,2024,11,9,November,Saturday,11
1433,2024-11-09T00:00:00.000,Food,Groceries,250,,2024,11,9,November,Saturday,11
1435,2024-11-10T00:00:00.000,Food,Dining Out,80,,2024,11,10,November,Sunday,11
1436,2024-11-10T00:00:00.000,Food,Coffee,15,,2024,11,10,November,Sunday,11
1437,2024-11-10T00:00:00.000,Food,Smoking,35,,2024,11,10,November,Sunday,11
1438,2024-11-10T00:00:00.000,Food,Groceries,10,,2024,11,10,November,Sunday,11
1439,2024-11-11T00:00:00.000,Food,Dining Out,120,,2024,11,11,November,Monday,11
1440,2024-11-11T00:00:00.000,Food,Groceries,30,,2024,11,11,November,Monday,11
1441,2024-11-11T00:00:00.000,Food,Smoking,80,,2024,11,11,November,Monday,11
1443,2024-11-11T00:00:00.000,Food,Coffee,12,,2024,11,11,November,Monday,11
1442,2024-11-12T00:00:00.000,Food,Coffee,12,,2024,11,12,November,Tuesday,11
1444,2024-11-12T00:00:00.000,Food,Dining Out,90,,2024,11,12,November,Tuesday,11
1445,2024-11-13T00:00:00.000,Transportation,Fuel,200,,2024,11,13,November,Wednesday,11
1446,2024-11-13T00:00:00.000,Food,Coffee,40,,2024,11,13,November,Wednesday,11
1447,2024-11-13T00:00:00.000,Food,Dining Out,140,,2024,11,13,November,Wednesday,11
1448,2024-11-13T00:00:00.000,Transportation,Parking,17,,2024,11,13,November,Wednesday,11
1449,2024-11-13T00:00:00.000,Transportation,Bus/Train Rides,35,,2024,11,13,November,Wednesday,11
1450,2024-11-13T00:00:00.000,Food,Smoking,90,,2024,11,13,November,Wednesday,11
1451,2024-11-13T00:00:00.000,Ressources,Headphones,75,,2024,11,13,November,Wednesday,11
1452,2024-11-14T00:00:00.000,Food,Dining Out,85,,2024,11,14,November,Thursday,11
1453,2024-11-14T00:00:00.000,Food,Dining Out,100,,2024,11,14,November,Thursday,11
1454,2024-11-15T00:00:00.000,Food,Dining Out,100,,2024,11,15,November,Friday,11
1455,2024-11-15T00:00:00.000,Food,Dining Out,72,,2024,11,15,November,Friday,11
1457,2024-11-15T00:00:00.000,Transportation,Bus/Train Rides,40,,2024,11,15,November,Friday,11
1458,2024-11-15T00:00:00.000,Transportation,Parking,18,,2024,11,15,November,Friday,11
1459,2024-11-15T00:00:00.000,Transportation,Coffee,40,,2024,11,15,November,Friday,11
1460,2024-11-15T00:00:00.000,Food,Smoking,100,,2024,11,15,November,Friday,11
1456,2024-11-16T00:00:00.000,Food,Dining Out,70,,2024,11,16,November,Saturday,11
1461,2024-11-17T00:00:00.000,Food,Groceries,200,,2024,11,17,November,Sunday,11
1462,2024-11-17T00:00:00.000,Food,Dining Out,100,,2024,11,17,November,Sunday,11
1463,2024-11-17T00:00:00.000,Food,Coffee,20,,2024,11,17,November,Sunday,11
1464,2024-11-17T00:00:00.000,Food,Smoking,100,,2024,11,17,November,Sunday,11
1465,2024-11-18T00:00:00.000,Food,Dining Out,60,,2024,11,18,November,Monday,11
1466,2024-11-18T00:00:00.000,Food,Dining Out,100,,2024,11,18,November,Monday,11
1467,2024-11-19T00:00:00.000,Food,Dining Out,75,,2024,11,19,November,Tuesday,11
1468,2024-11-19T00:00:00.000,Food,Smoking,105,,2024,11,19,November,Tuesday,11
1469,2024-11-19T00:00:00.000,Food,Groceries,42,,2024,11,19,November,Tuesday,11
1470,2024-11-19T00:00:00.000,Food,Coffee,7,,2024,11,19,November,Tuesday,11
1471,2024-11-20T00:00:00.000,Food,Dining Out,80,,2024,11,20,November,Wednesday,11
1472,2024-11-20T00:00:00.000,Bills,Water,200,,2024,11,20,November,Wednesday,11
1473,2024-11-21T00:00:00.000,Food,Coffee,50,,2024,11,21,November,Thursday,11
1474,2024-11-21T00:00:00.000,Food,Coffee,30,,2024,11,21,November,Thursday,11
1475,2024-11-21T00:00:00.000,Food,Dining Out,85,,2024,11,21,November,Thursday,11
1476,2024-11-21T00:00:00.000,Food,Smoking,40,,2024,11,21,November,Thursday,11
1478,2024-11-22T00:00:00.000,Transportation,Parking,10,,2024,11,22,November,Friday,11
1479,2024-11-22T00:00:00.000,Personal Care,Clothing,180,,2024,11,22,November,Friday,11
1480,2024-11-22T00:00:00.000,Activities,Girls,120,,2024,11,22,November,Friday,11
1481,2024-11-22T00:00:00.000,Food,Smoking,35,,2024,11,22,November,Friday,11
1482,2024-11-22T00:00:00.000,Food,Coffee,10,,2024,11,22,November,Friday,11
1477,2024-11-22T00:00:00.000,Food,Coffee,50,,2024,11,22,November,Friday,11
1483,2024-11-23T00:00:00.000,Food,Coffee,25,,2024,11,23,November,Saturday,11
1484,2024-11-23T00:00:00.000,Food,Smoking,80,,2024,11,23,November,Saturday,11
1485,2024-11-23T00:00:00.000,Food,Groceries,50,,2024,11,23,November,Saturday,11
1486,2024-11-23T00:00:00.000,Food,Dining Out,85,,2024,11,23,November,Saturday,11
1487,2024-11-23T00:00:00.000,Bills,Internet,350,,2024,11,23,November,Saturday,11
1488,2024-11-24T00:00:00.000,Food,Smoking,80,,2024,11,24,November,Sunday,11
1489,2024-11-24T00:00:00.000,Food,Groceries,20,,2024,11,24,November,Sunday,11
1490,2024-11-24T00:00:00.000,Food,Dining Out,80,,2024,11,24,November,Sunday,11
1491,2024-11-25T00:00:00.000,Food,Coffee,15,,2024,11,25,November,Monday,11
1492,2024-11-25T00:00:00.000,Food,Dining Out,95,,2024,11,25,November,Monday,11
1493,2024-11-25T00:00:00.000,Bills,Mobile,360,,2024,11,25,November,Monday,11
1494,2024-11-25T00:00:00.000,Food,Groceries,142,,2024,11,25,November,Monday,11
1495,2024-11-26T00:00:00.000,Food,Smoking,95,,2024,11,26,November,Tuesday,11
1496,2024-11-26T00:00:00.000,Food,Coffee,50,,2024,11,26,November,Tuesday,11
1497,2024-11-26T00:00:00.000,Food,Groceries,40,,2024,11,26,November,Tuesday,11
1498,2024-11-27T00:00:00.000,Food,Coffee,50,,2024,11,27,November,Wednesday,11
1499,2024-11-27T00:00:00.000,Food,Dining Out,110,,2024,11,27,November,Wednesday,11
1500,2024-11-27T00:00:00.000,Food,Coffee,50,,2024,11,27,November,Wednesday,11
1501,2024-11-27T00:00:00.000,Food,Smoking,50,,2024,11,27,November,Wednesday,11
1502,2024-11-27T00:00:00.000,Transportation,Fuel,100,,2024,11,27,November,Wednesday,11
1503,2024-11-28T00:00:00.000,Transportation,Fuel,100,,2024,11,28,November,Thursday,11
1504,2024-11-28T00:00:00.000,Personal Care,Dry Clothing,30,,2024,11,28,November,Thursday,11
1505,2024-11-28T00:00:00.000,Food,Smoking,50,,2024,11,28,November,Thursday,11
1506,2024-11-28T00:00:00.000,Food,Groceries,15,,2024,11,28,November,Thursday,11
1507,2024-11-28T00:00:00.000,Food,Coffee,27,,2024,11,28,November,Thursday,11
1508,2024-11-28T00:00:00.000,Personal Care,Hygiene,40,,2024,11,28,November,Thursday,11
1509,2024-11-28T00:00:00.000,Personal Care,Underwear,66,,2024,11,28,November,Thursday,11
1510,2024-11-28T00:00:00.000,Bills,Bank Withdrawal,20,,2024,11,28,November,Thursday,11
1511,2024-11-28T00:00:00.000,Housing,Supplies,65,Gaz,2024,11,28,November,Thursday,11
1512,2024-11-29T00:00:00.000,Transportation,Parking,20,,2024,11,29,November,Friday,11
1513,2024-11-29T00:00:00.000,Transportation,Bus/Train Rides,35,,2024,11,29,November,Friday,11
1514,2024-11-29T00:00:00.000,Food,Dining Out,90,,2024,11,29,November,Friday,11
1515,2024-11-29T00:00:00.000,Food,Coffee,25,,2024,11,29,November,Friday,11
1516,2024-11-29T00:00:00.000,Food,Smoking,40,,2024,11,29,November,Friday,11
1517,2024-11-29T00:00:00.000,Food,Dining Out,170,,2024,11,29,November,Friday,11
1518,2024-11-30T00:00:00.000,Food,Coffee,15,,2024,11,30,November,Saturday,11
1519,2024-11-30T00:00:00.000,Food,Smoking,100,,2024,11,30,November,Saturday,11
1520,2024-11-30T00:00:00.000,Housing,Cleaning Supplies,120,,2024,11,30,November,Saturday,11
1522,2024-12-01T00:00:00.000,Housing,Cleaning Routine,370,,2024,12,1,December,Sunday,12
1523,2024-12-01T00:00:00.000,Personal Care,Dry Clothing,230,,2024,12,1,December,Sunday,12
1524,2024-12-01T00:00:00.000,Food,Drinks,80,,2024,12,1,December,Sunday,12
1525,2024-12-01T00:00:00.000,Food,Coffee,15,,2024,12,1,December,Sunday,12
1526,2024-12-01T00:00:00.000,Transportation,Road Fees,60,,2024,12,1,December,Sunday,12
1527,2024-12-01T00:00:00.000,Food,Dining Out,100,,2024,12,1,December,Sunday,12
1528,2024-12-01T00:00:00.000,Food,Coffee,20,,2024,12,1,December,Sunday,12
1529,2024-12-01T00:00:00.000,Food,Coffee,15,,2024,12,1,December,Sunday,12
1530,2024-12-01T00:00:00.000,Food,Smoking,75,,2024,12,1,December,Sunday,12
1531,2024-12-01T00:00:00.000,Food,Groceries,32,,2024,12,1,December,Sunday,12
1392,2024-12-01T00:00:00.000,Income,Salary,19997,,2024,12,1,December,Sunday,12
1532,2024-12-02T00:00:00.000,Transportation,Fuel,100,,2024,12,2,December,Monday,12
1533,2024-12-02T00:00:00.000,Food,Groceries,95,,2024,12,2,December,Monday,12
1534,2024-12-02T00:00:00.000,Food,Dining Out,95,,2024,12,2,December,Monday,12
1535,2024-12-02T00:00:00.000,Food,Coffee,26,,2024,12,2,December,Monday,12
1536,2024-12-03T00:00:00.000,Food,Coffee,26,,2024,12,3,December,Tuesday,12
1537,2024-12-03T00:00:00.000,Food,Groceries,25,,2024,12,3,December,Tuesday,12
1538,2024-12-03T00:00:00.000,Food,Smoking,80,,2024,12,3,December,Tuesday,12
1539,2024-12-03T00:00:00.000,Transportation,Maintenance,570,Vidange,2024,12,3,December,Tuesday,12
1540,2024-12-04T00:00:00.000,Transportation,Parking,16,,2024,12,4,December,Wednesday,12
1541,2024-12-04T00:00:00.000,Transportation,Bus/Train Rides,35,,2024,12,4,December,Wednesday,12
1542,2024-12-04T00:00:00.000,Food,Dining Out,75,,2024,12,4,December,Wednesday,12
1543,2024-12-04T00:00:00.000,Food,Smoking,90,,2024,12,4,December,Wednesday,12
1544,2024-12-04T00:00:00.000,Food,Groceries,20,,2024,12,4,December,Wednesday,12
1545,2024-12-04T00:00:00.000,Debt Payments,Others,960,,2024,12,4,December,Wednesday,12
1555,2024-12-04T00:00:00.000,Food,Groceries,30,,2024,12,4,December,Wednesday,12
1546,2024-12-05T00:00:00.000,Food,Groceries,120,,2024,12,5,December,Thursday,12
1547,2024-12-05T00:00:00.000,Food,Coffee,20,,2024,12,5,December,Thursday,12
1548,2024-12-05T00:00:00.000,Debt Payments,House Mortgage,5060,,2024,12,5,December,Thursday,12
1549,2024-12-05T00:00:00.000,Debt Payments,Car's Debt,3530,,2024,12,5,December,Thursday,12
1550,2024-12-06T00:00:00.000,Food,Smoking,80,,2024,12,6,December,Friday,12
1552,2024-12-06T00:00:00.000,Food,Coffee,10,,2024,12,6,December,Friday,12
1551,2024-12-06T00:00:00.000,Food,Dining Out,25,,2024,12,6,December,Friday,12
1553,2024-12-06T00:00:00.000,Bills,Bank Withdrawal,20,,2024,12,6,December,Friday,12
1554,2024-12-06T00:00:00.000,Food,Glovo,20,,2024,12,6,December,Friday,12
1556,2024-12-07T00:00:00.000,Food,Smoking,100,,2024,12,7,December,Saturday,12
1557,2024-12-08T00:00:00.000,Food,Groceries,140,,2024,12,8,December,Sunday,12
1558,2024-12-09T00:00:00.000,Food,Coffee,15,,2024,12,9,December,Monday,12
1559,2024-12-09T00:00:00.000,Food,Smoking,80,,2024,12,9,December,Monday,12
1560,2024-12-09T00:00:00.000,Food,Groceries,50,,2024,12,9,December,Monday,12
1561,2024-12-09T00:00:00.000,Food,Groceries,75,,2024,12,9,December,Monday,12
1562,2024-12-10T00:00:00.000,Food,Coffee,20,,2024,12,10,December,Tuesday,12
1563,2024-12-10T00:00:00.000,Food,Dining Out,66,,2024,12,10,December,Tuesday,12
1564,2024-12-11T00:00:00.000,Food,Coffee,55,,2024,12,11,December,Wednesday,12
1565,2024-12-11T00:00:00.000,Food,Dining Out,80,,2024,12,11,December,Wednesday,12
1566,2024-12-11T00:00:00.000,Food,Coffee,30,,2024,12,11,December,Wednesday,12
1567,2024-12-11T00:00:00.000,Food,Smoking,101,,2024,12,11,December,Wednesday,12
1568,2024-12-11T00:00:00.000,Bills,Water,135,,2024,12,11,December,Wednesday,12
1569,2024-12-11T00:00:00.000,Transportation,Fuel,200,,2024,12,11,December,Wednesday,12
1570,2024-12-12T00:00:00.000,Food,Coffee,15,,2024,12,12,December,Thursday,12
1571,2024-12-12T00:00:00.000,Income,Others,1800,,2024,12,12,December,Thursday,12
1572,2024-12-12T00:00:00.000,Food,Dining Out,70,,2024,12,12,December,Thursday,12
1573,2024-12-13T00:00:00.000,Personal Care,Dry Clothing,85,,2024,12,13,December,Friday,12
1574,2024-12-13T00:00:00.000,Food,Smoking,80,,2024,12,13,December,Friday,12
1575,2024-12-13T00:00:00.000,Food,Groceries,100,,2024,12,13,December,Friday,12
1576,2024-12-14T00:00:00.000,Activities,Tripping,300,,2024,12,14,December,Saturday,12
1577,2024-12-14T00:00:00.000,Food,Smoking,80,,2024,12,14,December,Saturday,12
1578,2024-12-14T00:00:00.000,Food,Groceries,15,,2024,12,14,December,Saturday,12
1579,2024-12-14T00:00:00.000,Food,Dining Out,85,,2024,12,14,December,Saturday,12
1580,2024-12-14T00:00:00.000,Activities,Tripping,30,,2024,12,14,December,Saturday,12
1581,2024-12-15T00:00:00.000,Food,Coffee,10,,2024,12,15,December,Sunday,12
1582,2024-12-15T00:00:00.000,Food,Groceries,15,,2024,12,15,December,Sunday,12
1583,2024-12-15T00:00:00.000,Personal,Care,400,,2024,12,15,December,Sunday,12
1584,2024-12-15T00:00:00.000,Bills,Bank Transfer,28,,2024,12,15,December,Sunday,12
1585,2024-12-16T00:00:00.000,Food,Dining Out,100,,2024,12,16,December,Monday,12
1594,2024-12-16T00:00:00.000,Food,Smoking,90,,2024,12,16,December,Monday,12
1586,2024-12-17T00:00:00.000,Food,Dining Out,75,,2024,12,17,December,Tuesday,12
1587,2024-12-17T00:00:00.000,Personal Care,Dry Clothing,140,Washing Machine,2024,12,17,December,Tuesday,12
1588,2024-12-17T00:00:00.000,Food,Groceries,20,,2024,12,17,December,Tuesday,12
1589,2024-12-18T00:00:00.000,Food,Coffee,50,,2024,12,18,December,Wednesday,12
1590,2024-12-18T00:00:00.000,Food,Dining Out,35,,2024,12,18,December,Wednesday,12
1591,2024-12-18T00:00:00.000,Transportation,Parking,15,,2024,12,18,December,Wednesday,12
1592,2024-12-18T00:00:00.000,Transportation,Bus/Train Rides,35,,2024,12,18,December,Wednesday,12
1593,2024-12-18T00:00:00.000,Food,Smoking,90,,2024,12,18,December,Wednesday,12
1595,2024-12-19T00:00:00.000,Food,Dining Out,85,,2024,12,19,December,Thursday,12
1596,2024-12-19T00:00:00.000,Bills,Internet,360,,2024,12,19,December,Thursday,12
1597,2024-12-19T00:00:00.000,Food,Groceries,180,,2024,12,19,December,Thursday,12
1598,2024-12-19T00:00:00.000,Personal Care,Dry Clothing,30,,2024,12,19,December,Thursday,12
1599,2024-12-19T00:00:00.000,Food,Smoking,90,,2024,12,19,December,Thursday,12
1600,2024-12-20T00:00:00.000,Transportation,Parking,17,,2024,12,20,December,Friday,12
1601,2024-12-20T00:00:00.000,Transportation,Bus/Train Rides,35,,2024,12,20,December,Friday,12
1602,2024-12-20T00:00:00.000,Food,Smoking,80,,2024,12,20,December,Friday,12
1603,2024-12-20T00:00:00.000,Food,Dining Out,60,,2024,12,20,December,Friday,12
1604,2024-12-20T00:00:00.000,Food,Drinks,750,,2024,12,20,December,Friday,12
1605,2024-12-20T00:00:00.000,Food,Coffee,50,,2024,12,20,December,Friday,12
1606,2024-12-21T00:00:00.000,Food,Dining Out,110,,2024,12,21,December,Saturday,12
1607,2024-12-21T00:00:00.000,Food,Smoking,90,,2024,12,21,December,Saturday,12
1608,2024-12-21T00:00:00.000,Food,Groceries,20,,2024,12,21,December,Saturday,12
1609,2024-12-21T00:00:00.000,Ressources,LinkedIn,160,,2024,12,21,December,Saturday,12
1610,2024-12-22T00:00:00.000,Bills,Electricity,367,,2024,12,22,December,Sunday,12
1611,2024-12-22T00:00:00.000,Food,Smoking,80,,2024,12,22,December,Sunday,12
1612,2024-12-22T00:00:00.000,Food,Groceries,182,,2024,12,22,December,Sunday,12
1613,2024-12-23T00:00:00.000,Food,Smoking,80,,2024,12,23,December,Monday,12
1614,2024-12-23T00:00:00.000,Food,Groceries,52,,2024,12,23,December,Monday,12
1615,2024-12-23T00:00:00.000,Food,Coffee,14,,2024,12,23,December,Monday,12
1616,2024-12-24T00:00:00.000,Entertainment,Spotify,50,,2024,12,24,December,Tuesday,12
1617,2024-12-24T00:00:00.000,Food,Drinks,300,,2024,12,24,December,Tuesday,12
1618,2024-12-24T00:00:00.000,Entertainment,Girls,200,,2024,12,24,December,Tuesday,12
1619,2024-12-24T00:00:00.000,Transportation,Fuel,100,,2024,12,24,December,Tuesday,12
1620,2024-12-25T00:00:00.000,Food,Coffee,10,,2024,12,25,December,Wednesday,12
1621,2024-12-25T00:00:00.000,Food,Dining Out,100,,2024,12,25,December,Wednesday,12
1622,2024-12-25T00:00:00.000,Food,Smoking,80,,2024,12,25,December,Wednesday,12
1623,2024-12-25T00:00:00.000,Food,Coffee,10,,2024,12,25,December,Wednesday,12
1624,2024-12-26T00:00:00.000,Food,Drinks,230,,2024,12,26,December,Thursday,12
1625,2024-12-26T00:00:00.000,Food,Groceries,140,,2024,12,26,December,Thursday,12
1626,2024-12-27T00:00:00.000,Food,Smoking,85,,2024,12,27,December,Friday,12
1627,2024-12-27T00:00:00.000,Food,Groceries,120,,2024,12,27,December,Friday,12
1631,2024-12-27T00:00:00.000,Ressources,Chatgpt,200,,2024,12,27,December,Friday,12
1632,2024-12-27T00:00:00.000,Food,Coffee,14,,2024,12,27,December,Friday,12
1628,2024-12-28T00:00:00.000,Bills,Electricity,190,,2024,12,28,December,Saturday,12
1629,2024-12-28T00:00:00.000,Bills,Water,40,,2024,12,28,December,Saturday,12
1630,2024-12-28T00:00:00.000,Bills,Mobile,309,,2024,12,28,December,Saturday,12
1633,2024-12-29T00:00:00.000,Housing,Trustee and Other services,2030,,2024,12,29,December,Sunday,12
1634,2024-12-29T00:00:00.000,Food,Smoking,100,,2024,12,29,December,Sunday,12
1635,2024-12-29T00:00:00.000,Food,Dining Out,85,,2024,12,29,December,Sunday,12
1636,2024-12-29T00:00:00.000,Food,Coffee,15,,2024,12,29,December,Sunday,12
1637,2024-12-29T00:00:00.000,Personal Care,Barber,20,,2024,12,29,December,Sunday,12
1638,2024-12-31T00:00:00.000,Food,Dining Out,170,,2024,12,31,December,Tuesday,12
1639,2024-12-31T00:00:00.000,Food,Coffee,14,,2024,12,31,December,Tuesday,12
1640,2024-12-31T00:00:00.000,Food,Dining Out,150,,2024,12,31,December,Tuesday,12
1641,2024-12-31T00:00:00.000,Food,Smoking,50,,2024,12,31,December,Tuesday,12
1642,2025-01-01T00:00:00.000,Food,Smoking,90,,2025,1,1,January,Wednesday,1
1643,2025-01-01T00:00:00.000,Food,Groceries,5,,2025,1,1,January,Wednesday,1
1644,2025-01-01T00:00:00.000,Food,Coffee,20,,2025,1,1,January,Wednesday,1
1645,2025-01-01T00:00:00.000,Income,Salary,20000,,2025,1,1,January,Wednesday,1
1646,2025-01-01T00:00:00.000,Debt Payments,Negative Balance,160,,2025,1,1,January,Wednesday,1
1647,2025-01-02T00:00:00.000,Food,Groceries,30,,2025,1,2,January,Thursday,1
1648,2025-01-02T00:00:00.000,Food,Smoking,50,,2025,1,2,January,Thursday,1
1649,2025-01-02T00:00:00.000,Food,Groceries,25,,2025,1,2,January,Thursday,1
1650,2025-01-02T00:00:00.000,Personal Care,Dry Clothing,54,Wash Machine,2025,1,2,January,Thursday,1
1651,2025-01-03T00:00:00.000,Food,Smoking,90,,2025,1,3,January,Friday,1
1652,2025-01-03T00:00:00.000,Food,Dining Out,45,,2025,1,3,January,Friday,1
1653,2025-01-03T00:00:00.000,Food,Coffee,40,,2025,1,3,January,Friday,1
1654,2025-01-03T00:00:00.000,Food,Groceries,25,,2025,1,3,January,Friday,1
1655,2025-01-04T00:00:00.000,Food,Dining Out,60,,2025,1,4,January,Saturday,1
1656,2025-01-04T00:00:00.000,Food,Groceries,130,,2025,1,4,January,Saturday,1
1657,2025-01-04T00:00:00.000,Debt Payments,Others,960,,2025,1,4,January,Saturday,1
1658,2025-01-04T00:00:00.000,Bills,Découvert,190,,2025,1,4,January,Saturday,1
1659,2025-01-05T00:00:00.000,Housing,Cleaning Routine,270,,2025,1,5,January,Sunday,1
1660,2025-01-05T00:00:00.000,Food,Smoking,80,,2025,1,5,January,Sunday,1
1661,2025-01-05T00:00:00.000,Food,Coffee,15,,2025,1,5,January,Sunday,1
1662,2025-01-05T00:00:00.000,Activities,Recreation,1433,,2025,1,5,January,Sunday,1
1663,2025-01-05T00:00:00.000,Food,Drinks,150,,2025,1,5,January,Sunday,1
1664,2025-01-05T00:00:00.000,Food,Groceries,20,,2025,1,5,January,Sunday,1
1665,2025-01-05T00:00:00.000,Transportation,Fuel,200,,2025,1,5,January,Sunday,1
1670,2025-01-06T00:00:00.000,Food,Smoking,80,,2025,1,6,January,Monday,1
1671,2025-01-06T00:00:00.000,Food,Groceries,15,,2025,1,6,January,Monday,1
1666,2025-01-06T00:00:00.000,Food,Groceries,300,,2025,1,6,January,Monday,1
1667,2025-01-06T00:00:00.000,Debt Payments,House Mortgage,4940,,2025,1,6,January,Monday,1
1668,2025-01-06T00:00:00.000,Debt Payments,Car's Debt,3530,,2025,1,6,January,Monday,1
1669,2025-01-06T00:00:00.000,Entertainment,Netflix,100,,2025,1,6,January,Monday,1
1672,2025-01-07T00:00:00.000,Food,Dining Out,75,,2025,1,7,January,Tuesday,1
1673,2025-01-08T00:00:00.000,Food,Coffee,70,,2025,1,8,January,Wednesday,1
1674,2025-01-08T00:00:00.000,Food,Dining Out,70,,2025,1,8,January,Wednesday,1
1675,2025-01-08T00:00:00.000,Food,Smoking,70,,2025,1,8,January,Wednesday,1
1676,2025-01-08T00:00:00.000,Transportation,Bus/Train Rides,25,,2025,1,8,January,Wednesday,1
1677,2025-01-08T00:00:00.000,Transportation,Parking,20,,2025,1,8,January,Wednesday,1
1678,2025-01-09T00:00:00.000,Food,Dining Out,70,,2025,1,9,January,Thursday,1
1679,2025-01-10T00:00:00.000,Food,Smoking,80,,2025,1,10,January,Friday,1
1680,2025-01-10T00:00:00.000,Food,Coffee,35,,2025,1,10,January,Friday,1
1681,2025-01-10T00:00:00.000,Food,Dining Out,70,,2025,1,10,January,Friday,1
1682,2025-01-10T00:00:00.000,Food,Drinks,345,,2025,1,10,January,Friday,1
1683,2025-01-11T00:00:00.000,Transportation,Licensing,700,,2025,1,11,January,Saturday,1
1684,2025-01-11T00:00:00.000,Food,Smoking,85,,2025,1,11,January,Saturday,1
1685,2025-01-11T00:00:00.000,Food,Dining Out,35,,2025,1,11,January,Saturday,1
1686,2025-01-11T00:00:00.000,Food,Groceries,85,,2025,1,11,January,Saturday,1
1687,2025-01-11T00:00:00.000,Transportation,Maintenance,20,,2025,1,11,January,Saturday,1
1688,2025-01-11T00:00:00.000,Bills,Bank Fees,24,,2025,1,11,January,Saturday,1
1689,2025-01-12T00:00:00.000,Food,Smoking,80,,2025,1,12,January,Sunday,1
1690,2025-01-12T00:00:00.000,Food,Groceries,110,,2025,1,12,January,Sunday,1
1691,2025-01-12T00:00:00.000,Food,Coffee,10,,2025,1,12,January,Sunday,1
1692,2025-01-13T00:00:00.000,Food,Groceries,100,,2025,1,13,January,Monday,1
1693,2025-01-13T00:00:00.000,Food,Coffee,20,,2025,1,13,January,Monday,1
1695,2025-01-14T00:00:00.000,Food,Smoking,90,,2025,1,14,January,Tuesday,1
1700,2025-01-14T00:00:00.000,Food,Groceries,25,,2025,1,14,January,Tuesday,1
1699,2025-01-14T00:00:00.000,Personal Care,Dry Clothing,100,,2025,1,14,January,Tuesday,1
1694,2025-01-14T00:00:00.000,Food,Coffee,40,,2025,1,14,January,Tuesday,1
1697,2025-01-15T00:00:00.000,Food,Dining Out,85,,2025,1,15,January,Wednesday,1
1696,2025-01-15T00:00:00.000,Food,Dining Out,30,,2025,1,15,January,Wednesday,1
1698,2025-01-16T00:00:00.000,Food,Coffee,40,,2025,1,16,January,Thursday,1
1708,2025-01-16T00:00:00.000,Food,Dining Out,60,,2025,1,16,January,Thursday,1
1701,2025-01-16T00:00:00.000,Food,Smoking,90,,2025,1,16,January,Thursday,1
1702,2025-01-17T00:00:00.000,Food,Drinks,240,,2025,1,17,January,Friday,1
1703,2025-01-17T00:00:00.000,Food,Coffee,40,,2025,1,17,January,Friday,1
1704,2025-01-17T00:00:00.000,Transportation,Parking,22,,2025,1,17,January,Friday,1
1705,2025-01-17T00:00:00.000,Transportation,Bus/Train Rides,35,,2025,1,17,January,Friday,1
1706,2025-01-17T00:00:00.000,Food,Smoking,40,,2025,1,17,January,Friday,1
1707,2025-01-17T00:00:00.000,Food,Dining Out,30,,2025,1,17,January,Friday,1
1709,2025-01-18T00:00:00.000,Food,Coffee,20,,2025,1,18,January,Saturday,1
1710,2025-01-18T00:00:00.000,Food,Smoking,90,,2025,1,18,January,Saturday,1
1711,2025-01-19T00:00:00.000,Food,Groceries,180,,2025,1,19,January,Sunday,1
